"filename", "language", "TOML", "Batch", "JSON", "Lua", "Markdown", "YAML", "Rust", "Shell Script", "comment", "blank", "total"
"c:\Users\colin\OneDrive\Documents\Projects\JJKBattlegrounds\Packages\Janitor.lua", "Lua", 0, 0, 0, 1, 0, 0, 0, 0, 0, 1, 2
"c:\Users\colin\OneDrive\Documents\Projects\JJKBattlegrounds\Packages\LemonSignal.lua", "Lua", 0, 0, 0, 1, 0, 0, 0, 0, 0, 1, 2
"c:\Users\colin\OneDrive\Documents\Projects\JJKBattlegrounds\Packages\Net.lua", "Lua", 0, 0, 0, 1, 0, 0, 0, 0, 0, 1, 2
"c:\Users\colin\OneDrive\Documents\Projects\JJKBattlegrounds\Packages\ProfileService.lua", "Lua", 0, 0, 0, 1, 0, 0, 0, 0, 0, 1, 2
"c:\Users\colin\OneDrive\Documents\Projects\JJKBattlegrounds\Packages\Promise.lua", "Lua", 0, 0, 0, 1, 0, 0, 0, 0, 0, 1, 2
"c:\Users\colin\OneDrive\Documents\Projects\JJKBattlegrounds\Packages\Sandwich.lua", "Lua", 0, 0, 0, 1, 0, 0, 0, 0, 0, 1, 2
"c:\Users\colin\OneDrive\Documents\Projects\JJKBattlegrounds\Packages\Signal.lua", "Lua", 0, 0, 0, 1, 0, 0, 0, 0, 0, 1, 2
"c:\Users\colin\OneDrive\Documents\Projects\JJKBattlegrounds\Packages\Squash.lua", "Lua", 0, 0, 0, 1, 0, 0, 0, 0, 0, 1, 2
"c:\Users\colin\OneDrive\Documents\Projects\JJKBattlegrounds\Packages\Stew.lua", "Lua", 0, 0, 0, 1, 0, 0, 0, 0, 0, 1, 2
"c:\Users\colin\OneDrive\Documents\Projects\JJKBattlegrounds\Packages\TableValue.lua", "Lua", 0, 0, 0, 1, 0, 0, 0, 0, 0, 1, 2
"c:\Users\colin\OneDrive\Documents\Projects\JJKBattlegrounds\Packages\_Index\data-oriented-house_lemonsignal@1.10.0\lemonsignal\default.project.json", "JSON", 0, 0, 6, 0, 0, 0, 0, 0, 0, 0, 6
"c:\Users\colin\OneDrive\Documents\Projects\JJKBattlegrounds\Packages\_Index\data-oriented-house_lemonsignal@1.10.0\lemonsignal\src\LemonSignal.lua", "Lua", 0, 0, 0, 213, 0, 0, 0, 0, 7, 39, 259
"c:\Users\colin\OneDrive\Documents\Projects\JJKBattlegrounds\Packages\_Index\data-oriented-house_lemonsignal@1.10.0\lemonsignal\wally.toml", "TOML", 17, 0, 0, 0, 0, 0, 0, 0, 0, 1, 18
"c:\Users\colin\OneDrive\Documents\Projects\JJKBattlegrounds\Packages\_Index\data-oriented-house_sandwich@2.2.1\sandwich\init.lua", "Lua", 0, 0, 0, 148, 0, 0, 0, 0, 18, 36, 202
"c:\Users\colin\OneDrive\Documents\Projects\JJKBattlegrounds\Packages\_Index\data-oriented-house_sandwich@2.2.1\sandwich\wally.toml", "TOML", 10, 0, 0, 0, 0, 0, 0, 0, 0, 5, 15
"c:\Users\colin\OneDrive\Documents\Projects\JJKBattlegrounds\Packages\_Index\data-oriented-house_squash@1.1.6\squash\init.lua", "Lua", 0, 0, 0, 2246, 0, 0, 0, 0, 236, 339, 2821
"c:\Users\colin\OneDrive\Documents\Projects\JJKBattlegrounds\Packages\_Index\data-oriented-house_squash@1.1.6\squash\wally.toml", "TOML", 10, 0, 0, 0, 0, 0, 0, 0, 0, 4, 14
"c:\Users\colin\OneDrive\Documents\Projects\JJKBattlegrounds\Packages\_Index\data-oriented-house_stew@5.6.0\stew\init.lua", "Lua", 0, 0, 0, 740, 0, 0, 0, 0, 53, 205, 998
"c:\Users\colin\OneDrive\Documents\Projects\JJKBattlegrounds\Packages\_Index\data-oriented-house_stew@5.6.0\stew\wally.toml", "TOML", 10, 0, 0, 0, 0, 0, 0, 0, 0, 4, 14
"c:\Users\colin\OneDrive\Documents\Projects\JJKBattlegrounds\Packages\_Index\data-oriented-house_tablevalue@3.0.0\tablevalue\init.lua", "Lua", 0, 0, 0, 120, 0, 0, 0, 0, 23, 44, 187
"c:\Users\colin\OneDrive\Documents\Projects\JJKBattlegrounds\Packages\_Index\data-oriented-house_tablevalue@3.0.0\tablevalue\wally.toml", "TOML", 7, 0, 0, 0, 0, 0, 0, 0, 0, 3, 10
"c:\Users\colin\OneDrive\Documents\Projects\JJKBattlegrounds\Packages\_Index\evaera_promise@4.0.0\promise\CHANGELOG.md", "Markdown", 0, 0, 0, 0, 123, 0, 0, 0, 0, 34, 157
"c:\Users\colin\OneDrive\Documents\Projects\JJKBattlegrounds\Packages\_Index\evaera_promise@4.0.0\promise\README.md", "Markdown", 0, 0, 0, 0, 16, 0, 0, 0, 0, 7, 23
"c:\Users\colin\OneDrive\Documents\Projects\JJKBattlegrounds\Packages\_Index\evaera_promise@4.0.0\promise\aftman.toml", "TOML", 3, 0, 0, 0, 0, 0, 0, 0, 0, 0, 3
"c:\Users\colin\OneDrive\Documents\Projects\JJKBattlegrounds\Packages\_Index\evaera_promise@4.0.0\promise\default.project.json", "JSON", 0, 0, 6, 0, 0, 0, 0, 0, 0, 0, 6
"c:\Users\colin\OneDrive\Documents\Projects\JJKBattlegrounds\Packages\_Index\evaera_promise@4.0.0\promise\docs\Examples.md", "Markdown", 0, 0, 0, 0, 83, 0, 0, 0, 0, 23, 106
"c:\Users\colin\OneDrive\Documents\Projects\JJKBattlegrounds\Packages\_Index\evaera_promise@4.0.0\promise\docs\Installation.md", "Markdown", 0, 0, 0, 0, 34, 0, 0, 0, 0, 14, 48
"c:\Users\colin\OneDrive\Documents\Projects\JJKBattlegrounds\Packages\_Index\evaera_promise@4.0.0\promise\docs\Tour.md", "Markdown", 0, 0, 0, 0, 130, 0, 0, 0, 0, 53, 183
"c:\Users\colin\OneDrive\Documents\Projects\JJKBattlegrounds\Packages\_Index\evaera_promise@4.0.0\promise\docs\WhyUsePromises.md", "Markdown", 0, 0, 0, 0, 183, 0, 0, 0, 0, 73, 256
"c:\Users\colin\OneDrive\Documents\Projects\JJKBattlegrounds\Packages\_Index\evaera_promise@4.0.0\promise\docs\intro.md", "Markdown", 0, 0, 0, 0, 10, 0, 0, 0, 0, 3, 13
"c:\Users\colin\OneDrive\Documents\Projects\JJKBattlegrounds\Packages\_Index\evaera_promise@4.0.0\promise\foreman.toml", "TOML", 3, 0, 0, 0, 0, 0, 0, 0, 0, 0, 3
"c:\Users\colin\OneDrive\Documents\Projects\JJKBattlegrounds\Packages\_Index\evaera_promise@4.0.0\promise\lib\init.lua", "Lua", 0, 0, 0, 1513, 0, 0, 0, 0, 152, 404, 2069
"c:\Users\colin\OneDrive\Documents\Projects\JJKBattlegrounds\Packages\_Index\evaera_promise@4.0.0\promise\lib\init.spec.lua", "Lua", 0, 0, 0, 1433, 0, 0, 0, 0, 5, 407, 1845
"c:\Users\colin\OneDrive\Documents\Projects\JJKBattlegrounds\Packages\_Index\evaera_promise@4.0.0\promise\modules\testez\.github\workflows\ci.yml", "YAML", 0, 0, 0, 0, 0, 61, 0, 0, 2, 17, 80
"c:\Users\colin\OneDrive\Documents\Projects\JJKBattlegrounds\Packages\_Index\evaera_promise@4.0.0\promise\modules\testez\.github\workflows\clabot.yml", "YAML", 0, 0, 0, 0, 0, 20, 0, 0, 0, 2, 22
"c:\Users\colin\OneDrive\Documents\Projects\JJKBattlegrounds\Packages\_Index\evaera_promise@4.0.0\promise\modules\testez\.github\workflows\release.yml", "YAML", 0, 0, 0, 0, 0, 60, 0, 0, 0, 17, 77
"c:\Users\colin\OneDrive\Documents\Projects\JJKBattlegrounds\Packages\_Index\evaera_promise@4.0.0\promise\modules\testez\CHANGELOG.md", "Markdown", 0, 0, 0, 0, 30, 0, 0, 0, 0, 8, 38
"c:\Users\colin\OneDrive\Documents\Projects\JJKBattlegrounds\Packages\_Index\evaera_promise@4.0.0\promise\modules\testez\CONTRIBUTING.md", "Markdown", 0, 0, 0, 0, 55, 0, 0, 0, 0, 25, 80
"c:\Users\colin\OneDrive\Documents\Projects\JJKBattlegrounds\Packages\_Index\evaera_promise@4.0.0\promise\modules\testez\Cargo.lock", "TOML", 614, 0, 0, 0, 0, 0, 0, 0, 2, 76, 692
"c:\Users\colin\OneDrive\Documents\Projects\JJKBattlegrounds\Packages\_Index\evaera_promise@4.0.0\promise\modules\testez\Cargo.toml", "TOML", 4, 0, 0, 0, 0, 0, 0, 0, 0, 0, 4
"c:\Users\colin\OneDrive\Documents\Projects\JJKBattlegrounds\Packages\_Index\evaera_promise@4.0.0\promise\modules\testez\DESIGN.md", "Markdown", 0, 0, 0, 0, 44, 0, 0, 0, 0, 22, 66
"c:\Users\colin\OneDrive\Documents\Projects\JJKBattlegrounds\Packages\_Index\evaera_promise@4.0.0\promise\modules\testez\README.md", "Markdown", 0, 0, 0, 0, 23, 0, 0, 0, 0, 9, 32
"c:\Users\colin\OneDrive\Documents\Projects\JJKBattlegrounds\Packages\_Index\evaera_promise@4.0.0\promise\modules\testez\default.project.json", "JSON", 0, 0, 6, 0, 0, 0, 0, 0, 0, 0, 6
"c:\Users\colin\OneDrive\Documents\Projects\JJKBattlegrounds\Packages\_Index\evaera_promise@4.0.0\promise\modules\testez\docs\api-reference.md", "Markdown", 0, 0, 0, 0, 91, 0, 0, 0, 0, 32, 123
"c:\Users\colin\OneDrive\Documents\Projects\JJKBattlegrounds\Packages\_Index\evaera_promise@4.0.0\promise\modules\testez\docs\getting-started\debugging-tests.md", "Markdown", 0, 0, 0, 0, 27, 0, 0, 0, 0, 10, 37
"c:\Users\colin\OneDrive\Documents\Projects\JJKBattlegrounds\Packages\_Index\evaera_promise@4.0.0\promise\modules\testez\docs\getting-started\installation.md", "Markdown", 0, 0, 0, 0, 8, 0, 0, 0, 0, 3, 11
"c:\Users\colin\OneDrive\Documents\Projects\JJKBattlegrounds\Packages\_Index\evaera_promise@4.0.0\promise\modules\testez\docs\getting-started\running-tests.md", "Markdown", 0, 0, 0, 0, 7, 0, 0, 0, 0, 4, 11
"c:\Users\colin\OneDrive\Documents\Projects\JJKBattlegrounds\Packages\_Index\evaera_promise@4.0.0\promise\modules\testez\docs\getting-started\writing-tests.md", "Markdown", 0, 0, 0, 0, 35, 0, 0, 0, 0, 10, 45
"c:\Users\colin\OneDrive\Documents\Projects\JJKBattlegrounds\Packages\_Index\evaera_promise@4.0.0\promise\modules\testez\docs\index.md", "Markdown", 0, 0, 0, 0, 3, 0, 0, 0, 0, 2, 5
"c:\Users\colin\OneDrive\Documents\Projects\JJKBattlegrounds\Packages\_Index\evaera_promise@4.0.0\promise\modules\testez\foreman.toml", "TOML", 2, 0, 0, 0, 0, 0, 0, 0, 0, 0, 2
"c:\Users\colin\OneDrive\Documents\Projects\JJKBattlegrounds\Packages\_Index\evaera_promise@4.0.0\promise\modules\testez\mkdocs.yml", "YAML", 0, 0, 0, 0, 0, 24, 0, 0, 0, 3, 27
"c:\Users\colin\OneDrive\Documents\Projects\JJKBattlegrounds\Packages\_Index\evaera_promise@4.0.0\promise\modules\testez\modules\lemur\.travis.yml", "YAML", 0, 0, 0, 0, 0, 24, 0, 0, 1, 6, 31
"c:\Users\colin\OneDrive\Documents\Projects\JJKBattlegrounds\Packages\_Index\evaera_promise@4.0.0\promise\modules\testez\modules\lemur\CHANGELOG.md", "Markdown", 0, 0, 0, 0, 17, 0, 0, 0, 0, 2, 19
"c:\Users\colin\OneDrive\Documents\Projects\JJKBattlegrounds\Packages\_Index\evaera_promise@4.0.0\promise\modules\testez\modules\lemur\FEATURES.md", "Markdown", 0, 0, 0, 0, 212, 0, 0, 0, 0, 7, 219
"c:\Users\colin\OneDrive\Documents\Projects\JJKBattlegrounds\Packages\_Index\evaera_promise@4.0.0\promise\modules\testez\modules\lemur\LICENSE.md", "Markdown", 0, 0, 0, 0, 5, 0, 0, 0, 0, 5, 10
"c:\Users\colin\OneDrive\Documents\Projects\JJKBattlegrounds\Packages\_Index\evaera_promise@4.0.0\promise\modules\testez\modules\lemur\README.md", "Markdown", 0, 0, 0, 0, 48, 0, 0, 0, 0, 19, 67
"c:\Users\colin\OneDrive\Documents\Projects\JJKBattlegrounds\Packages\_Index\evaera_promise@4.0.0\promise\modules\testez\modules\lemur\init.lua", "Lua", 0, 0, 0, 1, 0, 0, 0, 0, 0, 0, 1
"c:\Users\colin\OneDrive\Documents\Projects\JJKBattlegrounds\Packages\_Index\evaera_promise@4.0.0\promise\modules\testez\modules\lemur\lib\Enum\ConnectionState.lua", "Lua", 0, 0, 0, 5, 0, 0, 0, 0, 0, 1, 6
"c:\Users\colin\OneDrive\Documents\Projects\JJKBattlegrounds\Packages\_Index\evaera_promise@4.0.0\promise\modules\testez\modules\lemur\lib\Enum\CreatorType.lua", "Lua", 0, 0, 0, 5, 0, 0, 0, 0, 0, 1, 6
"c:\Users\colin\OneDrive\Documents\Projects\JJKBattlegrounds\Packages\_Index\evaera_promise@4.0.0\promise\modules\testez\modules\lemur\lib\Enum\DataStoreRequestType.lua", "Lua", 0, 0, 0, 9, 0, 0, 0, 0, 0, 1, 10
"c:\Users\colin\OneDrive\Documents\Projects\JJKBattlegrounds\Packages\_Index\evaera_promise@4.0.0\promise\modules\testez\modules\lemur\lib\Enum\EasingDirection.lua", "Lua", 0, 0, 0, 6, 0, 0, 0, 0, 0, 1, 7
"c:\Users\colin\OneDrive\Documents\Projects\JJKBattlegrounds\Packages\_Index\evaera_promise@4.0.0\promise\modules\testez\modules\lemur\lib\Enum\EasingStyle.lua", "Lua", 0, 0, 0, 11, 0, 0, 0, 0, 0, 1, 12
"c:\Users\colin\OneDrive\Documents\Projects\JJKBattlegrounds\Packages\_Index\evaera_promise@4.0.0\promise\modules\testez\modules\lemur\lib\Enum\FillDirection.lua", "Lua", 0, 0, 0, 5, 0, 0, 0, 0, 0, 1, 6
"c:\Users\colin\OneDrive\Documents\Projects\JJKBattlegrounds\Packages\_Index\evaera_promise@4.0.0\promise\modules\testez\modules\lemur\lib\Enum\Font.lua", "Lua", 0, 0, 0, 22, 0, 0, 0, 0, 0, 1, 23
"c:\Users\colin\OneDrive\Documents\Projects\JJKBattlegrounds\Packages\_Index\evaera_promise@4.0.0\promise\modules\testez\modules\lemur\lib\Enum\HorizontalAlignment.lua", "Lua", 0, 0, 0, 6, 0, 0, 0, 0, 0, 1, 7
"c:\Users\colin\OneDrive\Documents\Projects\JJKBattlegrounds\Packages\_Index\evaera_promise@4.0.0\promise\modules\testez\modules\lemur\lib\Enum\HttpContentType.lua", "Lua", 0, 0, 0, 11, 0, 0, 0, 0, 0, 2, 13
"c:\Users\colin\OneDrive\Documents\Projects\JJKBattlegrounds\Packages\_Index\evaera_promise@4.0.0\promise\modules\testez\modules\lemur\lib\Enum\InfoType.lua", "Lua", 0, 0, 0, 6, 0, 0, 0, 0, 0, 1, 7
"c:\Users\colin\OneDrive\Documents\Projects\JJKBattlegrounds\Packages\_Index\evaera_promise@4.0.0\promise\modules\testez\modules\lemur\lib\Enum\KeyCode.lua", "Lua", 0, 0, 0, 257, 0, 0, 0, 0, 0, 1, 258
"c:\Users\colin\OneDrive\Documents\Projects\JJKBattlegrounds\Packages\_Index\evaera_promise@4.0.0\promise\modules\testez\modules\lemur\lib\Enum\MouseBehavior.lua", "Lua", 0, 0, 0, 6, 0, 0, 0, 0, 0, 1, 7
"c:\Users\colin\OneDrive\Documents\Projects\JJKBattlegrounds\Packages\_Index\evaera_promise@4.0.0\promise\modules\testez\modules\lemur\lib\Enum\Platform.lua", "Lua", 0, 0, 0, 23, 0, 0, 0, 0, 0, 1, 24
"c:\Users\colin\OneDrive\Documents\Projects\JJKBattlegrounds\Packages\_Index\evaera_promise@4.0.0\promise\modules\testez\modules\lemur\lib\Enum\PlaybackState.lua", "Lua", 0, 0, 0, 9, 0, 0, 0, 0, 0, 1, 10
"c:\Users\colin\OneDrive\Documents\Projects\JJKBattlegrounds\Packages\_Index\evaera_promise@4.0.0\promise\modules\testez\modules\lemur\lib\Enum\ScaleType.lua", "Lua", 0, 0, 0, 8, 0, 0, 0, 0, 0, 1, 9
"c:\Users\colin\OneDrive\Documents\Projects\JJKBattlegrounds\Packages\_Index\evaera_promise@4.0.0\promise\modules\testez\modules\lemur\lib\Enum\ScrollBarInset.lua", "Lua", 0, 0, 0, 6, 0, 0, 0, 0, 0, 1, 7
"c:\Users\colin\OneDrive\Documents\Projects\JJKBattlegrounds\Packages\_Index\evaera_promise@4.0.0\promise\modules\testez\modules\lemur\lib\Enum\ScrollingDirection.lua", "Lua", 0, 0, 0, 6, 0, 0, 0, 0, 0, 1, 7
"c:\Users\colin\OneDrive\Documents\Projects\JJKBattlegrounds\Packages\_Index\evaera_promise@4.0.0\promise\modules\testez\modules\lemur\lib\Enum\SizeConstraint.lua", "Lua", 0, 0, 0, 6, 0, 0, 0, 0, 0, 1, 7
"c:\Users\colin\OneDrive\Documents\Projects\JJKBattlegrounds\Packages\_Index\evaera_promise@4.0.0\promise\modules\testez\modules\lemur\lib\Enum\SortOrder.lua", "Lua", 0, 0, 0, 6, 0, 0, 0, 0, 0, 1, 7
"c:\Users\colin\OneDrive\Documents\Projects\JJKBattlegrounds\Packages\_Index\evaera_promise@4.0.0\promise\modules\testez\modules\lemur\lib\Enum\TextTruncate.lua", "Lua", 0, 0, 0, 5, 0, 0, 0, 0, 0, 1, 6
"c:\Users\colin\OneDrive\Documents\Projects\JJKBattlegrounds\Packages\_Index\evaera_promise@4.0.0\promise\modules\testez\modules\lemur\lib\Enum\TextXAlignment.lua", "Lua", 0, 0, 0, 6, 0, 0, 0, 0, 0, 1, 7
"c:\Users\colin\OneDrive\Documents\Projects\JJKBattlegrounds\Packages\_Index\evaera_promise@4.0.0\promise\modules\testez\modules\lemur\lib\Enum\TextYAlignment.lua", "Lua", 0, 0, 0, 6, 0, 0, 0, 0, 0, 1, 7
"c:\Users\colin\OneDrive\Documents\Projects\JJKBattlegrounds\Packages\_Index\evaera_promise@4.0.0\promise\modules\testez\modules\lemur\lib\Enum\ThumbnailSize.lua", "Lua", 0, 0, 0, 10, 0, 0, 0, 0, 0, 1, 11
"c:\Users\colin\OneDrive\Documents\Projects\JJKBattlegrounds\Packages\_Index\evaera_promise@4.0.0\promise\modules\testez\modules\lemur\lib\Enum\ThumbnailType.lua", "Lua", 0, 0, 0, 6, 0, 0, 0, 0, 0, 1, 7
"c:\Users\colin\OneDrive\Documents\Projects\JJKBattlegrounds\Packages\_Index\evaera_promise@4.0.0\promise\modules\testez\modules\lemur\lib\Enum\UserInputType.lua", "Lua", 0, 0, 0, 23, 0, 0, 0, 0, 0, 1, 24
"c:\Users\colin\OneDrive\Documents\Projects\JJKBattlegrounds\Packages\_Index\evaera_promise@4.0.0\promise\modules\testez\modules\lemur\lib\Enum\VerticalAlignment.lua", "Lua", 0, 0, 0, 6, 0, 0, 0, 0, 0, 1, 7
"c:\Users\colin\OneDrive\Documents\Projects\JJKBattlegrounds\Packages\_Index\evaera_promise@4.0.0\promise\modules\testez\modules\lemur\lib\Enum\VerticalScrollBarPosition.lua", "Lua", 0, 0, 0, 5, 0, 0, 0, 0, 0, 1, 6
"c:\Users\colin\OneDrive\Documents\Projects\JJKBattlegrounds\Packages\_Index\evaera_promise@4.0.0\promise\modules\testez\modules\lemur\lib\Enum\VirtualInputMode.lua", "Lua", 0, 0, 0, 6, 0, 0, 0, 0, 0, 1, 7
"c:\Users\colin\OneDrive\Documents\Projects\JJKBattlegrounds\Packages\_Index\evaera_promise@4.0.0\promise\modules\testez\modules\lemur\lib\Enum\ZIndexBehavior.lua", "Lua", 0, 0, 0, 5, 0, 0, 0, 0, 0, 1, 6
"c:\Users\colin\OneDrive\Documents\Projects\JJKBattlegrounds\Packages\_Index\evaera_promise@4.0.0\promise\modules\testez\modules\lemur\lib\Enum\init.lua", "Lua", 0, 0, 0, 37, 0, 0, 0, 0, 0, 5, 42
"c:\Users\colin\OneDrive\Documents\Projects\JJKBattlegrounds\Packages\_Index\evaera_promise@4.0.0\promise\modules\testez\modules\lemur\lib\Habitat.lua", "Lua", 0, 0, 0, 96, 0, 0, 0, 0, 4, 33, 133
"c:\Users\colin\OneDrive\Documents\Projects\JJKBattlegrounds\Packages\_Index\evaera_promise@4.0.0\promise\modules\testez\modules\lemur\lib\Instance.lua", "Lua", 0, 0, 0, 12, 0, 0, 0, 0, 0, 6, 18
"c:\Users\colin\OneDrive\Documents\Projects\JJKBattlegrounds\Packages\_Index\evaera_promise@4.0.0\promise\modules\testez\modules\lemur\lib\InstanceProperty.lua", "Lua", 0, 0, 0, 52, 0, 0, 0, 0, 1, 12, 65
"c:\Users\colin\OneDrive\Documents\Projects\JJKBattlegrounds\Packages\_Index\evaera_promise@4.0.0\promise\modules\testez\modules\lemur\lib\Instance_spec.lua", "Lua", 0, 0, 0, 25, 0, 0, 0, 0, 0, 8, 33
"c:\Users\colin\OneDrive\Documents\Projects\JJKBattlegrounds\Packages\_Index\evaera_promise@4.0.0\promise\modules\testez\modules\lemur\lib\Signal.lua", "Lua", 0, 0, 0, 65, 0, 0, 0, 0, 7, 27, 99
"c:\Users\colin\OneDrive\Documents\Projects\JJKBattlegrounds\Packages\_Index\evaera_promise@4.0.0\promise\modules\testez\modules\lemur\lib\Signal_spec.lua", "Lua", 0, 0, 0, 68, 0, 0, 0, 0, 2, 27, 97
"c:\Users\colin\OneDrive\Documents\Projects\JJKBattlegrounds\Packages\_Index\evaera_promise@4.0.0\promise\modules\testez\modules\lemur\lib\TaskScheduler.lua", "Lua", 0, 0, 0, 33, 0, 0, 0, 0, 0, 12, 45
"c:\Users\colin\OneDrive\Documents\Projects\JJKBattlegrounds\Packages\_Index\evaera_promise@4.0.0\promise\modules\testez\modules\lemur\lib\assign.lua", "Lua", 0, 0, 0, 13, 0, 0, 0, 0, 1, 3, 17
"c:\Users\colin\OneDrive\Documents\Projects\JJKBattlegrounds\Packages\_Index\evaera_promise@4.0.0\promise\modules\testez\modules\lemur\lib\baste.lua", "Lua", 0, 0, 0, 233, 0, 0, 0, 0, 19, 80, 332
"c:\Users\colin\OneDrive\Documents\Projects\JJKBattlegrounds\Packages\_Index\evaera_promise@4.0.0\promise\modules\testez\modules\lemur\lib\createEnum.lua", "Lua", 0, 0, 0, 41, 0, 0, 0, 0, 0, 18, 59
"c:\Users\colin\OneDrive\Documents\Projects\JJKBattlegrounds\Packages\_Index\evaera_promise@4.0.0\promise\modules\testez\modules\lemur\lib\createEnumGroup.lua", "Lua", 0, 0, 0, 23, 0, 0, 0, 0, 2, 9, 34
"c:\Users\colin\OneDrive\Documents\Projects\JJKBattlegrounds\Packages\_Index\evaera_promise@4.0.0\promise\modules\testez\modules\lemur\lib\createEnumGroup_spec.lua", "Lua", 0, 0, 0, 33, 0, 0, 0, 0, 0, 10, 43
"c:\Users\colin\OneDrive\Documents\Projects\JJKBattlegrounds\Packages\_Index\evaera_promise@4.0.0\promise\modules\testez\modules\lemur\lib\createEnum_spec.lua", "Lua", 0, 0, 0, 42, 0, 0, 0, 0, 0, 13, 55
"c:\Users\colin\OneDrive\Documents\Projects\JJKBattlegrounds\Packages\_Index\evaera_promise@4.0.0\promise\modules\testez\modules\lemur\lib\createEnvironment.lua", "Lua", 0, 0, 0, 41, 0, 0, 0, 0, 1, 14, 56
"c:\Users\colin\OneDrive\Documents\Projects\JJKBattlegrounds\Packages\_Index\evaera_promise@4.0.0\promise\modules\testez\modules\lemur\lib\createSettings.lua", "Lua", 0, 0, 0, 50, 0, 0, 0, 0, 2, 17, 69
"c:\Users\colin\OneDrive\Documents\Projects\JJKBattlegrounds\Packages\_Index\evaera_promise@4.0.0\promise\modules\testez\modules\lemur\lib\createSettings_spec.lua", "Lua", 0, 0, 0, 74, 0, 0, 0, 0, 0, 18, 92
"c:\Users\colin\OneDrive\Documents\Projects\JJKBattlegrounds\Packages\_Index\evaera_promise@4.0.0\promise\modules\testez\modules\lemur\lib\fs.lua", "Lua", 0, 0, 0, 22, 0, 0, 0, 0, 0, 11, 33
"c:\Users\colin\OneDrive\Documents\Projects\JJKBattlegrounds\Packages\_Index\evaera_promise@4.0.0\promise\modules\testez\modules\lemur\lib\fs_spec.lua", "Lua", 0, 0, 0, 14, 0, 0, 0, 0, 0, 5, 19
"c:\Users\colin\OneDrive\Documents\Projects\JJKBattlegrounds\Packages\_Index\evaera_promise@4.0.0\promise\modules\testez\modules\lemur\lib\functions\init.lua", "Lua", 0, 0, 0, 10, 0, 0, 0, 0, 0, 3, 13
"c:\Users\colin\OneDrive\Documents\Projects\JJKBattlegrounds\Packages\_Index\evaera_promise@4.0.0\promise\modules\testez\modules\lemur\lib\functions\settings\RenderSettings.lua", "Lua", 0, 0, 0, 39, 0, 0, 0, 0, 0, 17, 56
"c:\Users\colin\OneDrive\Documents\Projects\JJKBattlegrounds\Packages\_Index\evaera_promise@4.0.0\promise\modules\testez\modules\lemur\lib\functions\settings\RenderSettings_spec.lua", "Lua", 0, 0, 0, 34, 0, 0, 0, 0, 0, 6, 40
"c:\Users\colin\OneDrive\Documents\Projects\JJKBattlegrounds\Packages\_Index\evaera_promise@4.0.0\promise\modules\testez\modules\lemur\lib\functions\tick.lua", "Lua", 0, 0, 0, 8, 0, 0, 0, 0, 0, 2, 10
"c:\Users\colin\OneDrive\Documents\Projects\JJKBattlegrounds\Packages\_Index\evaera_promise@4.0.0\promise\modules\testez\modules\lemur\lib\functions\tick_spec.lua", "Lua", 0, 0, 0, 6, 0, 0, 0, 0, 0, 1, 7
"c:\Users\colin\OneDrive\Documents\Projects\JJKBattlegrounds\Packages\_Index\evaera_promise@4.0.0\promise\modules\testez\modules\lemur\lib\functions\typeof.lua", "Lua", 0, 0, 0, 15, 0, 0, 0, 0, 0, 6, 21
"c:\Users\colin\OneDrive\Documents\Projects\JJKBattlegrounds\Packages\_Index\evaera_promise@4.0.0\promise\modules\testez\modules\lemur\lib\functions\typeof_spec.lua", "Lua", 0, 0, 0, 17, 0, 0, 0, 0, 0, 4, 21
"c:\Users\colin\OneDrive\Documents\Projects\JJKBattlegrounds\Packages\_Index\evaera_promise@4.0.0\promise\modules\testez\modules\lemur\lib\functions\warn.lua", "Lua", 0, 0, 0, 12, 0, 0, 0, 0, 0, 3, 15
"c:\Users\colin\OneDrive\Documents\Projects\JJKBattlegrounds\Packages\_Index\evaera_promise@4.0.0\promise\modules\testez\modules\lemur\lib\functions\warn_spec.lua", "Lua", 0, 0, 0, 38, 0, 0, 0, 0, 0, 9, 47
"c:\Users\colin\OneDrive\Documents\Projects\JJKBattlegrounds\Packages\_Index\evaera_promise@4.0.0\promise\modules\testez\modules\lemur\lib\init.lua", "Lua", 0, 0, 0, 7, 0, 0, 0, 0, 0, 2, 9
"c:\Users\colin\OneDrive\Documents\Projects\JJKBattlegrounds\Packages\_Index\evaera_promise@4.0.0\promise\modules\testez\modules\lemur\lib\init_spec.lua", "Lua", 0, 0, 0, 6, 0, 0, 0, 0, 0, 1, 7
"c:\Users\colin\OneDrive\Documents\Projects\JJKBattlegrounds\Packages\_Index\evaera_promise@4.0.0\promise\modules\testez\modules\lemur\lib\instances\AnalyticsService.lua", "Lua", 0, 0, 0, 3, 0, 0, 0, 0, 0, 1, 4
"c:\Users\colin\OneDrive\Documents\Projects\JJKBattlegrounds\Packages\_Index\evaera_promise@4.0.0\promise\modules\testez\modules\lemur\lib\instances\AnalyticsService_spec.lua", "Lua", 0, 0, 0, 7, 0, 0, 0, 0, 0, 2, 9
"c:\Users\colin\OneDrive\Documents\Projects\JJKBattlegrounds\Packages\_Index\evaera_promise@4.0.0\promise\modules\testez\modules\lemur\lib\instances\BaseInstance.lua", "Lua", 0, 0, 0, 282, 0, 0, 0, 0, 9, 104, 395
"c:\Users\colin\OneDrive\Documents\Projects\JJKBattlegrounds\Packages\_Index\evaera_promise@4.0.0\promise\modules\testez\modules\lemur\lib\instances\BaseInstance_spec.lua", "Lua", 0, 0, 0, 548, 0, 0, 0, 0, 2, 172, 722
"c:\Users\colin\OneDrive\Documents\Projects\JJKBattlegrounds\Packages\_Index\evaera_promise@4.0.0\promise\modules\testez\modules\lemur\lib\instances\BindableEvent.lua", "Lua", 0, 0, 0, 13, 0, 0, 0, 0, 0, 4, 17
"c:\Users\colin\OneDrive\Documents\Projects\JJKBattlegrounds\Packages\_Index\evaera_promise@4.0.0\promise\modules\testez\modules\lemur\lib\instances\BindableEvent_spec.lua", "Lua", 0, 0, 0, 15, 0, 0, 0, 0, 0, 6, 21
"c:\Users\colin\OneDrive\Documents\Projects\JJKBattlegrounds\Packages\_Index\evaera_promise@4.0.0\promise\modules\testez\modules\lemur\lib\instances\BoolValue.lua", "Lua", 0, 0, 0, 14, 0, 0, 0, 0, 0, 4, 18
"c:\Users\colin\OneDrive\Documents\Projects\JJKBattlegrounds\Packages\_Index\evaera_promise@4.0.0\promise\modules\testez\modules\lemur\lib\instances\BoolValue_spec.lua", "Lua", 0, 0, 0, 9, 0, 0, 0, 0, 0, 2, 11
"c:\Users\colin\OneDrive\Documents\Projects\JJKBattlegrounds\Packages\_Index\evaera_promise@4.0.0\promise\modules\testez\modules\lemur\lib\instances\Camera.lua", "Lua", 0, 0, 0, 12, 0, 0, 0, 0, 0, 3, 15
"c:\Users\colin\OneDrive\Documents\Projects\JJKBattlegrounds\Packages\_Index\evaera_promise@4.0.0\promise\modules\testez\modules\lemur\lib\instances\Camera_spec.lua", "Lua", 0, 0, 0, 12, 0, 0, 0, 0, 0, 3, 15
"c:\Users\colin\OneDrive\Documents\Projects\JJKBattlegrounds\Packages\_Index\evaera_promise@4.0.0\promise\modules\testez\modules\lemur\lib\instances\Configuration.lua", "Lua", 0, 0, 0, 4, 0, 0, 0, 0, 0, 1, 5
"c:\Users\colin\OneDrive\Documents\Projects\JJKBattlegrounds\Packages\_Index\evaera_promise@4.0.0\promise\modules\testez\modules\lemur\lib\instances\Configuration_spec.lua", "Lua", 0, 0, 0, 7, 0, 0, 0, 0, 0, 2, 9
"c:\Users\colin\OneDrive\Documents\Projects\JJKBattlegrounds\Packages\_Index\evaera_promise@4.0.0\promise\modules\testez\modules\lemur\lib\instances\ContentProvider.lua", "Lua", 0, 0, 0, 9, 0, 0, 0, 0, 0, 2, 11
"c:\Users\colin\OneDrive\Documents\Projects\JJKBattlegrounds\Packages\_Index\evaera_promise@4.0.0\promise\modules\testez\modules\lemur\lib\instances\ContentProvider_spec.lua", "Lua", 0, 0, 0, 11, 0, 0, 0, 0, 0, 4, 15
"c:\Users\colin\OneDrive\Documents\Projects\JJKBattlegrounds\Packages\_Index\evaera_promise@4.0.0\promise\modules\testez\modules\lemur\lib\instances\ContextActionService.lua", "Lua", 0, 0, 0, 19, 0, 0, 0, 0, 1, 4, 24
"c:\Users\colin\OneDrive\Documents\Projects\JJKBattlegrounds\Packages\_Index\evaera_promise@4.0.0\promise\modules\testez\modules\lemur\lib\instances\ContextActionService_spec.lua", "Lua", 0, 0, 0, 13, 0, 0, 0, 0, 1, 5, 19
"c:\Users\colin\OneDrive\Documents\Projects\JJKBattlegrounds\Packages\_Index\evaera_promise@4.0.0\promise\modules\testez\modules\lemur\lib\instances\CoreGui.lua", "Lua", 0, 0, 0, 9, 0, 0, 0, 0, 0, 2, 11
"c:\Users\colin\OneDrive\Documents\Projects\JJKBattlegrounds\Packages\_Index\evaera_promise@4.0.0\promise\modules\testez\modules\lemur\lib\instances\CoreGui_spec.lua", "Lua", 0, 0, 0, 13, 0, 0, 0, 0, 0, 5, 18
"c:\Users\colin\OneDrive\Documents\Projects\JJKBattlegrounds\Packages\_Index\evaera_promise@4.0.0\promise\modules\testez\modules\lemur\lib\instances\CorePackages.lua", "Lua", 0, 0, 0, 3, 0, 0, 0, 0, 0, 1, 4
"c:\Users\colin\OneDrive\Documents\Projects\JJKBattlegrounds\Packages\_Index\evaera_promise@4.0.0\promise\modules\testez\modules\lemur\lib\instances\CorePackages_spec.lua", "Lua", 0, 0, 0, 7, 0, 0, 0, 0, 0, 2, 9
"c:\Users\colin\OneDrive\Documents\Projects\JJKBattlegrounds\Packages\_Index\evaera_promise@4.0.0\promise\modules\testez\modules\lemur\lib\instances\Folder.lua", "Lua", 0, 0, 0, 4, 0, 0, 0, 0, 0, 1, 5
"c:\Users\colin\OneDrive\Documents\Projects\JJKBattlegrounds\Packages\_Index\evaera_promise@4.0.0\promise\modules\testez\modules\lemur\lib\instances\Folder_spec.lua", "Lua", 0, 0, 0, 7, 0, 0, 0, 0, 0, 2, 9
"c:\Users\colin\OneDrive\Documents\Projects\JJKBattlegrounds\Packages\_Index\evaera_promise@4.0.0\promise\modules\testez\modules\lemur\lib\instances\Frame.lua", "Lua", 0, 0, 0, 4, 0, 0, 0, 0, 0, 1, 5
"c:\Users\colin\OneDrive\Documents\Projects\JJKBattlegrounds\Packages\_Index\evaera_promise@4.0.0\promise\modules\testez\modules\lemur\lib\instances\Frame_spec.lua", "Lua", 0, 0, 0, 7, 0, 0, 0, 0, 0, 2, 9
"c:\Users\colin\OneDrive\Documents\Projects\JJKBattlegrounds\Packages\_Index\evaera_promise@4.0.0\promise\modules\testez\modules\lemur\lib\instances\Game.lua", "Lua", 0, 0, 0, 106, 0, 0, 0, 0, 1, 16, 123
"c:\Users\colin\OneDrive\Documents\Projects\JJKBattlegrounds\Packages\_Index\evaera_promise@4.0.0\promise\modules\testez\modules\lemur\lib\instances\Game_spec.lua", "Lua", 0, 0, 0, 33, 0, 0, 0, 0, 0, 9, 42
"c:\Users\colin\OneDrive\Documents\Projects\JJKBattlegrounds\Packages\_Index\evaera_promise@4.0.0\promise\modules\testez\modules\lemur\lib\instances\GuiButton.lua", "Lua", 0, 0, 0, 25, 0, 0, 0, 0, 0, 5, 30
"c:\Users\colin\OneDrive\Documents\Projects\JJKBattlegrounds\Packages\_Index\evaera_promise@4.0.0\promise\modules\testez\modules\lemur\lib\instances\GuiButton_spec.lua", "Lua", 0, 0, 0, 15, 0, 0, 0, 0, 0, 5, 20
"c:\Users\colin\OneDrive\Documents\Projects\JJKBattlegrounds\Packages\_Index\evaera_promise@4.0.0\promise\modules\testez\modules\lemur\lib\instances\GuiObject.lua", "Lua", 0, 0, 0, 131, 0, 0, 0, 0, 0, 27, 158
"c:\Users\colin\OneDrive\Documents\Projects\JJKBattlegrounds\Packages\_Index\evaera_promise@4.0.0\promise\modules\testez\modules\lemur\lib\instances\GuiObject_spec.lua", "Lua", 0, 0, 0, 113, 0, 0, 0, 0, 0, 23, 136
"c:\Users\colin\OneDrive\Documents\Projects\JJKBattlegrounds\Packages\_Index\evaera_promise@4.0.0\promise\modules\testez\modules\lemur\lib\instances\GuiService.lua", "Lua", 0, 0, 0, 31, 0, 0, 0, 0, 0, 9, 40
"c:\Users\colin\OneDrive\Documents\Projects\JJKBattlegrounds\Packages\_Index\evaera_promise@4.0.0\promise\modules\testez\modules\lemur\lib\instances\GuiService_spec.lua", "Lua", 0, 0, 0, 39, 0, 0, 0, 0, 0, 9, 48
"c:\Users\colin\OneDrive\Documents\Projects\JJKBattlegrounds\Packages\_Index\evaera_promise@4.0.0\promise\modules\testez\modules\lemur\lib\instances\HttpRbxApiService.lua", "Lua", 0, 0, 0, 3, 0, 0, 0, 0, 0, 1, 4
"c:\Users\colin\OneDrive\Documents\Projects\JJKBattlegrounds\Packages\_Index\evaera_promise@4.0.0\promise\modules\testez\modules\lemur\lib\instances\HttpRbxApiService_spec.lua", "Lua", 0, 0, 0, 7, 0, 0, 0, 0, 0, 2, 9
"c:\Users\colin\OneDrive\Documents\Projects\JJKBattlegrounds\Packages\_Index\evaera_promise@4.0.0\promise\modules\testez\modules\lemur\lib\instances\HttpService.lua", "Lua", 0, 0, 0, 31, 0, 0, 0, 0, 1, 8, 40
"c:\Users\colin\OneDrive\Documents\Projects\JJKBattlegrounds\Packages\_Index\evaera_promise@4.0.0\promise\modules\testez\modules\lemur\lib\instances\HttpService_spec.lua", "Lua", 0, 0, 0, 43, 0, 0, 0, 0, 0, 16, 59
"c:\Users\colin\OneDrive\Documents\Projects\JJKBattlegrounds\Packages\_Index\evaera_promise@4.0.0\promise\modules\testez\modules\lemur\lib\instances\Humanoid.lua", "Lua", 0, 0, 0, 44, 0, 0, 0, 0, 0, 12, 56
"c:\Users\colin\OneDrive\Documents\Projects\JJKBattlegrounds\Packages\_Index\evaera_promise@4.0.0\promise\modules\testez\modules\lemur\lib\instances\Humanoid_spec.lua", "Lua", 0, 0, 0, 41, 0, 0, 0, 0, 0, 12, 53
"c:\Users\colin\OneDrive\Documents\Projects\JJKBattlegrounds\Packages\_Index\evaera_promise@4.0.0\promise\modules\testez\modules\lemur\lib\instances\ImageButton.lua", "Lua", 0, 0, 0, 40, 0, 0, 0, 0, 0, 8, 48
"c:\Users\colin\OneDrive\Documents\Projects\JJKBattlegrounds\Packages\_Index\evaera_promise@4.0.0\promise\modules\testez\modules\lemur\lib\instances\ImageButton_spec.lua", "Lua", 0, 0, 0, 19, 0, 0, 0, 0, 0, 4, 23
"c:\Users\colin\OneDrive\Documents\Projects\JJKBattlegrounds\Packages\_Index\evaera_promise@4.0.0\promise\modules\testez\modules\lemur\lib\instances\ImageLabel.lua", "Lua", 0, 0, 0, 40, 0, 0, 0, 0, 0, 8, 48
"c:\Users\colin\OneDrive\Documents\Projects\JJKBattlegrounds\Packages\_Index\evaera_promise@4.0.0\promise\modules\testez\modules\lemur\lib\instances\ImageLabel_spec.lua", "Lua", 0, 0, 0, 19, 0, 0, 0, 0, 0, 4, 23
"c:\Users\colin\OneDrive\Documents\Projects\JJKBattlegrounds\Packages\_Index\evaera_promise@4.0.0\promise\modules\testez\modules\lemur\lib\instances\InsertService.lua", "Lua", 0, 0, 0, 3, 0, 0, 0, 0, 0, 1, 4
"c:\Users\colin\OneDrive\Documents\Projects\JJKBattlegrounds\Packages\_Index\evaera_promise@4.0.0\promise\modules\testez\modules\lemur\lib\instances\InsertService_spec.lua", "Lua", 0, 0, 0, 7, 0, 0, 0, 0, 0, 2, 9
"c:\Users\colin\OneDrive\Documents\Projects\JJKBattlegrounds\Packages\_Index\evaera_promise@4.0.0\promise\modules\testez\modules\lemur\lib\instances\IntValue.lua", "Lua", 0, 0, 0, 14, 0, 0, 0, 0, 0, 4, 18
"c:\Users\colin\OneDrive\Documents\Projects\JJKBattlegrounds\Packages\_Index\evaera_promise@4.0.0\promise\modules\testez\modules\lemur\lib\instances\IntValue_spec.lua", "Lua", 0, 0, 0, 9, 0, 0, 0, 0, 0, 2, 11
"c:\Users\colin\OneDrive\Documents\Projects\JJKBattlegrounds\Packages\_Index\evaera_promise@4.0.0\promise\modules\testez\modules\lemur\lib\instances\LocalScript.lua", "Lua", 0, 0, 0, 13, 0, 0, 0, 0, 1, 4, 18
"c:\Users\colin\OneDrive\Documents\Projects\JJKBattlegrounds\Packages\_Index\evaera_promise@4.0.0\promise\modules\testez\modules\lemur\lib\instances\LocalScript_spec.lua", "Lua", 0, 0, 0, 8, 0, 0, 0, 0, 0, 2, 10
"c:\Users\colin\OneDrive\Documents\Projects\JJKBattlegrounds\Packages\_Index\evaera_promise@4.0.0\promise\modules\testez\modules\lemur\lib\instances\LocalizationService.lua", "Lua", 0, 0, 0, 14, 0, 0, 0, 0, 0, 3, 17
"c:\Users\colin\OneDrive\Documents\Projects\JJKBattlegrounds\Packages\_Index\evaera_promise@4.0.0\promise\modules\testez\modules\lemur\lib\instances\LocalizationService_spec.lua", "Lua", 0, 0, 0, 33, 0, 0, 0, 0, 0, 6, 39
"c:\Users\colin\OneDrive\Documents\Projects\JJKBattlegrounds\Packages\_Index\evaera_promise@4.0.0\promise\modules\testez\modules\lemur\lib\instances\LocalizationTable.lua", "Lua", 0, 0, 0, 27, 0, 0, 0, 0, 0, 8, 35
"c:\Users\colin\OneDrive\Documents\Projects\JJKBattlegrounds\Packages\_Index\evaera_promise@4.0.0\promise\modules\testez\modules\lemur\lib\instances\LocalizationTable_spec.lua", "Lua", 0, 0, 0, 39, 0, 0, 0, 0, 0, 8, 47
"c:\Users\colin\OneDrive\Documents\Projects\JJKBattlegrounds\Packages\_Index\evaera_promise@4.0.0\promise\modules\testez\modules\lemur\lib\instances\MarketplaceService.lua", "Lua", 0, 0, 0, 25, 0, 0, 0, 0, 0, 5, 30
"c:\Users\colin\OneDrive\Documents\Projects\JJKBattlegrounds\Packages\_Index\evaera_promise@4.0.0\promise\modules\testez\modules\lemur\lib\instances\MarketplaceService_spec.lua", "Lua", 0, 0, 0, 7, 0, 0, 0, 0, 0, 2, 9
"c:\Users\colin\OneDrive\Documents\Projects\JJKBattlegrounds\Packages\_Index\evaera_promise@4.0.0\promise\modules\testez\modules\lemur\lib\instances\Model.lua", "Lua", 0, 0, 0, 4, 0, 0, 0, 0, 0, 1, 5
"c:\Users\colin\OneDrive\Documents\Projects\JJKBattlegrounds\Packages\_Index\evaera_promise@4.0.0\promise\modules\testez\modules\lemur\lib\instances\Model_spec.lua", "Lua", 0, 0, 0, 7, 0, 0, 0, 0, 0, 2, 9
"c:\Users\colin\OneDrive\Documents\Projects\JJKBattlegrounds\Packages\_Index\evaera_promise@4.0.0\promise\modules\testez\modules\lemur\lib\instances\ModuleScript.lua", "Lua", 0, 0, 0, 11, 0, 0, 0, 0, 0, 3, 14
"c:\Users\colin\OneDrive\Documents\Projects\JJKBattlegrounds\Packages\_Index\evaera_promise@4.0.0\promise\modules\testez\modules\lemur\lib\instances\ModuleScript_spec.lua", "Lua", 0, 0, 0, 8, 0, 0, 0, 0, 0, 2, 10
"c:\Users\colin\OneDrive\Documents\Projects\JJKBattlegrounds\Packages\_Index\evaera_promise@4.0.0\promise\modules\testez\modules\lemur\lib\instances\NotificationService.lua", "Lua", 0, 0, 0, 4, 0, 0, 0, 0, 0, 1, 5
"c:\Users\colin\OneDrive\Documents\Projects\JJKBattlegrounds\Packages\_Index\evaera_promise@4.0.0\promise\modules\testez\modules\lemur\lib\instances\NotificationService_spec.lua", "Lua", 0, 0, 0, 7, 0, 0, 0, 0, 0, 2, 9
"c:\Users\colin\OneDrive\Documents\Projects\JJKBattlegrounds\Packages\_Index\evaera_promise@4.0.0\promise\modules\testez\modules\lemur\lib\instances\NumberValue.lua", "Lua", 0, 0, 0, 14, 0, 0, 0, 0, 0, 4, 18
"c:\Users\colin\OneDrive\Documents\Projects\JJKBattlegrounds\Packages\_Index\evaera_promise@4.0.0\promise\modules\testez\modules\lemur\lib\instances\NumberValue_spec.lua", "Lua", 0, 0, 0, 14, 0, 0, 0, 0, 0, 3, 17
"c:\Users\colin\OneDrive\Documents\Projects\JJKBattlegrounds\Packages\_Index\evaera_promise@4.0.0\promise\modules\testez\modules\lemur\lib\instances\ObjectValue.lua", "Lua", 0, 0, 0, 10, 0, 0, 0, 0, 0, 4, 14
"c:\Users\colin\OneDrive\Documents\Projects\JJKBattlegrounds\Packages\_Index\evaera_promise@4.0.0\promise\modules\testez\modules\lemur\lib\instances\ObjectValue_spec.lua", "Lua", 0, 0, 0, 14, 0, 0, 0, 0, 0, 5, 19
"c:\Users\colin\OneDrive\Documents\Projects\JJKBattlegrounds\Packages\_Index\evaera_promise@4.0.0\promise\modules\testez\modules\lemur\lib\instances\ParticleEffect.lua", "Lua", 0, 0, 0, 11, 0, 0, 0, 0, 0, 3, 14
"c:\Users\colin\OneDrive\Documents\Projects\JJKBattlegrounds\Packages\_Index\evaera_promise@4.0.0\promise\modules\testez\modules\lemur\lib\instances\ParticleEffect_spec.lua", "Lua", 0, 0, 0, 8, 0, 0, 0, 0, 0, 2, 10
"c:\Users\colin\OneDrive\Documents\Projects\JJKBattlegrounds\Packages\_Index\evaera_promise@4.0.0\promise\modules\testez\modules\lemur\lib\instances\Player.lua", "Lua", 0, 0, 0, 17, 0, 0, 0, 0, 0, 4, 21
"c:\Users\colin\OneDrive\Documents\Projects\JJKBattlegrounds\Packages\_Index\evaera_promise@4.0.0\promise\modules\testez\modules\lemur\lib\instances\Player_spec.lua", "Lua", 0, 0, 0, 17, 0, 0, 0, 0, 0, 5, 22
"c:\Users\colin\OneDrive\Documents\Projects\JJKBattlegrounds\Packages\_Index\evaera_promise@4.0.0\promise\modules\testez\modules\lemur\lib\instances\Players.lua", "Lua", 0, 0, 0, 13, 0, 0, 0, 0, 0, 4, 17
"c:\Users\colin\OneDrive\Documents\Projects\JJKBattlegrounds\Packages\_Index\evaera_promise@4.0.0\promise\modules\testez\modules\lemur\lib\instances\Players_spec.lua", "Lua", 0, 0, 0, 17, 0, 0, 0, 0, 0, 8, 25
"c:\Users\colin\OneDrive\Documents\Projects\JJKBattlegrounds\Packages\_Index\evaera_promise@4.0.0\promise\modules\testez\modules\lemur\lib\instances\ReplicatedFirst.lua", "Lua", 0, 0, 0, 3, 0, 0, 0, 0, 0, 1, 4
"c:\Users\colin\OneDrive\Documents\Projects\JJKBattlegrounds\Packages\_Index\evaera_promise@4.0.0\promise\modules\testez\modules\lemur\lib\instances\ReplicatedFirst_spec.lua", "Lua", 0, 0, 0, 7, 0, 0, 0, 0, 0, 2, 9
"c:\Users\colin\OneDrive\Documents\Projects\JJKBattlegrounds\Packages\_Index\evaera_promise@4.0.0\promise\modules\testez\modules\lemur\lib\instances\ReplicatedStorage.lua", "Lua", 0, 0, 0, 2, 0, 0, 0, 0, 0, 1, 3
"c:\Users\colin\OneDrive\Documents\Projects\JJKBattlegrounds\Packages\_Index\evaera_promise@4.0.0\promise\modules\testez\modules\lemur\lib\instances\ReplicatedStorage_spec.lua", "Lua", 0, 0, 0, 7, 0, 0, 0, 0, 0, 2, 9
"c:\Users\colin\OneDrive\Documents\Projects\JJKBattlegrounds\Packages\_Index\evaera_promise@4.0.0\promise\modules\testez\modules\lemur\lib\instances\RunService.lua", "Lua", 0, 0, 0, 20, 0, 0, 0, 0, 0, 8, 28
"c:\Users\colin\OneDrive\Documents\Projects\JJKBattlegrounds\Packages\_Index\evaera_promise@4.0.0\promise\modules\testez\modules\lemur\lib\instances\RunService_spec.lua", "Lua", 0, 0, 0, 26, 0, 0, 0, 0, 0, 7, 33
"c:\Users\colin\OneDrive\Documents\Projects\JJKBattlegrounds\Packages\_Index\evaera_promise@4.0.0\promise\modules\testez\modules\lemur\lib\instances\ScreenGui.lua", "Lua", 0, 0, 0, 48, 0, 0, 0, 0, 0, 11, 59
"c:\Users\colin\OneDrive\Documents\Projects\JJKBattlegrounds\Packages\_Index\evaera_promise@4.0.0\promise\modules\testez\modules\lemur\lib\instances\ScreenGui_spec.lua", "Lua", 0, 0, 0, 21, 0, 0, 0, 0, 0, 5, 26
"c:\Users\colin\OneDrive\Documents\Projects\JJKBattlegrounds\Packages\_Index\evaera_promise@4.0.0\promise\modules\testez\modules\lemur\lib\instances\Script.lua", "Lua", 0, 0, 0, 13, 0, 0, 0, 0, 1, 4, 18
"c:\Users\colin\OneDrive\Documents\Projects\JJKBattlegrounds\Packages\_Index\evaera_promise@4.0.0\promise\modules\testez\modules\lemur\lib\instances\Script_spec.lua", "Lua", 0, 0, 0, 8, 0, 0, 0, 0, 0, 2, 10
"c:\Users\colin\OneDrive\Documents\Projects\JJKBattlegrounds\Packages\_Index\evaera_promise@4.0.0\promise\modules\testez\modules\lemur\lib\instances\ScrollingFrame.lua", "Lua", 0, 0, 0, 76, 0, 0, 0, 0, 0, 16, 92
"c:\Users\colin\OneDrive\Documents\Projects\JJKBattlegrounds\Packages\_Index\evaera_promise@4.0.0\promise\modules\testez\modules\lemur\lib\instances\ScrollingFrame_spec.lua", "Lua", 0, 0, 0, 65, 0, 0, 0, 0, 0, 11, 76
"c:\Users\colin\OneDrive\Documents\Projects\JJKBattlegrounds\Packages\_Index\evaera_promise@4.0.0\promise\modules\testez\modules\lemur\lib\instances\ServerScriptService.lua", "Lua", 0, 0, 0, 3, 0, 0, 0, 0, 0, 1, 4
"c:\Users\colin\OneDrive\Documents\Projects\JJKBattlegrounds\Packages\_Index\evaera_promise@4.0.0\promise\modules\testez\modules\lemur\lib\instances\ServerScriptService_spec.lua", "Lua", 0, 0, 0, 7, 0, 0, 0, 0, 0, 3, 10
"c:\Users\colin\OneDrive\Documents\Projects\JJKBattlegrounds\Packages\_Index\evaera_promise@4.0.0\promise\modules\testez\modules\lemur\lib\instances\ServerStorage.lua", "Lua", 0, 0, 0, 3, 0, 0, 0, 0, 0, 1, 4
"c:\Users\colin\OneDrive\Documents\Projects\JJKBattlegrounds\Packages\_Index\evaera_promise@4.0.0\promise\modules\testez\modules\lemur\lib\instances\ServerStorage_spec.lua", "Lua", 0, 0, 0, 7, 0, 0, 0, 0, 0, 3, 10
"c:\Users\colin\OneDrive\Documents\Projects\JJKBattlegrounds\Packages\_Index\evaera_promise@4.0.0\promise\modules\testez\modules\lemur\lib\instances\StarterCharacterScripts.lua", "Lua", 0, 0, 0, 3, 0, 0, 0, 0, 0, 1, 4
"c:\Users\colin\OneDrive\Documents\Projects\JJKBattlegrounds\Packages\_Index\evaera_promise@4.0.0\promise\modules\testez\modules\lemur\lib\instances\StarterCharacterScripts_spec.lua", "Lua", 0, 0, 0, 10, 0, 0, 0, 0, 0, 4, 14
"c:\Users\colin\OneDrive\Documents\Projects\JJKBattlegrounds\Packages\_Index\evaera_promise@4.0.0\promise\modules\testez\modules\lemur\lib\instances\StarterPlayer.lua", "Lua", 0, 0, 0, 9, 0, 0, 0, 0, 0, 4, 13
"c:\Users\colin\OneDrive\Documents\Projects\JJKBattlegrounds\Packages\_Index\evaera_promise@4.0.0\promise\modules\testez\modules\lemur\lib\instances\StarterPlayerScripts.lua", "Lua", 0, 0, 0, 3, 0, 0, 0, 0, 0, 1, 4
"c:\Users\colin\OneDrive\Documents\Projects\JJKBattlegrounds\Packages\_Index\evaera_promise@4.0.0\promise\modules\testez\modules\lemur\lib\instances\StarterPlayerScripts_spec.lua", "Lua", 0, 0, 0, 7, 0, 0, 0, 0, 0, 3, 10
"c:\Users\colin\OneDrive\Documents\Projects\JJKBattlegrounds\Packages\_Index\evaera_promise@4.0.0\promise\modules\testez\modules\lemur\lib\instances\StarterPlayer_spec.lua", "Lua", 0, 0, 0, 12, 0, 0, 0, 0, 0, 5, 17
"c:\Users\colin\OneDrive\Documents\Projects\JJKBattlegrounds\Packages\_Index\evaera_promise@4.0.0\promise\modules\testez\modules\lemur\lib\instances\Stats.lua", "Lua", 0, 0, 0, 3, 0, 0, 0, 0, 0, 1, 4
"c:\Users\colin\OneDrive\Documents\Projects\JJKBattlegrounds\Packages\_Index\evaera_promise@4.0.0\promise\modules\testez\modules\lemur\lib\instances\Stats_spec.lua", "Lua", 0, 0, 0, 7, 0, 0, 0, 0, 0, 2, 9
"c:\Users\colin\OneDrive\Documents\Projects\JJKBattlegrounds\Packages\_Index\evaera_promise@4.0.0\promise\modules\testez\modules\lemur\lib\instances\StringValue.lua", "Lua", 0, 0, 0, 14, 0, 0, 0, 0, 0, 4, 18
"c:\Users\colin\OneDrive\Documents\Projects\JJKBattlegrounds\Packages\_Index\evaera_promise@4.0.0\promise\modules\testez\modules\lemur\lib\instances\StringValue_spec.lua", "Lua", 0, 0, 0, 9, 0, 0, 0, 0, 0, 2, 11
"c:\Users\colin\OneDrive\Documents\Projects\JJKBattlegrounds\Packages\_Index\evaera_promise@4.0.0\promise\modules\testez\modules\lemur\lib\instances\TestService.lua", "Lua", 0, 0, 0, 7, 0, 0, 0, 0, 0, 3, 10
"c:\Users\colin\OneDrive\Documents\Projects\JJKBattlegrounds\Packages\_Index\evaera_promise@4.0.0\promise\modules\testez\modules\lemur\lib\instances\TestService_spec.lua", "Lua", 0, 0, 0, 19, 0, 0, 0, 0, 0, 9, 28
"c:\Users\colin\OneDrive\Documents\Projects\JJKBattlegrounds\Packages\_Index\evaera_promise@4.0.0\promise\modules\testez\modules\lemur\lib\instances\TextButton.lua", "Lua", 0, 0, 0, 45, 0, 0, 0, 0, 0, 10, 55
"c:\Users\colin\OneDrive\Documents\Projects\JJKBattlegrounds\Packages\_Index\evaera_promise@4.0.0\promise\modules\testez\modules\lemur\lib\instances\TextButton_spec.lua", "Lua", 0, 0, 0, 24, 0, 0, 0, 0, 0, 4, 28
"c:\Users\colin\OneDrive\Documents\Projects\JJKBattlegrounds\Packages\_Index\evaera_promise@4.0.0\promise\modules\testez\modules\lemur\lib\instances\TextLabel.lua", "Lua", 0, 0, 0, 61, 0, 0, 0, 0, 0, 13, 74
"c:\Users\colin\OneDrive\Documents\Projects\JJKBattlegrounds\Packages\_Index\evaera_promise@4.0.0\promise\modules\testez\modules\lemur\lib\instances\TextLabel_spec.lua", "Lua", 0, 0, 0, 28, 0, 0, 0, 0, 0, 3, 31
"c:\Users\colin\OneDrive\Documents\Projects\JJKBattlegrounds\Packages\_Index\evaera_promise@4.0.0\promise\modules\testez\modules\lemur\lib\instances\TextService.lua", "Lua", 0, 0, 0, 19, 0, 0, 0, 0, 1, 5, 25
"c:\Users\colin\OneDrive\Documents\Projects\JJKBattlegrounds\Packages\_Index\evaera_promise@4.0.0\promise\modules\testez\modules\lemur\lib\instances\TextService_spec.lua", "Lua", 0, 0, 0, 37, 0, 0, 0, 0, 0, 9, 46
"c:\Users\colin\OneDrive\Documents\Projects\JJKBattlegrounds\Packages\_Index\evaera_promise@4.0.0\promise\modules\testez\modules\lemur\lib\instances\TweenService.lua", "Lua", 0, 0, 0, 2, 0, 0, 0, 0, 0, 1, 3
"c:\Users\colin\OneDrive\Documents\Projects\JJKBattlegrounds\Packages\_Index\evaera_promise@4.0.0\promise\modules\testez\modules\lemur\lib\instances\TweenService_spec.lua", "Lua", 0, 0, 0, 7, 0, 0, 0, 0, 0, 2, 9
"c:\Users\colin\OneDrive\Documents\Projects\JJKBattlegrounds\Packages\_Index\evaera_promise@4.0.0\promise\modules\testez\modules\lemur\lib\instances\UIGridStyleLayout.lua", "Lua", 0, 0, 0, 34, 0, 0, 0, 0, 0, 7, 41
"c:\Users\colin\OneDrive\Documents\Projects\JJKBattlegrounds\Packages\_Index\evaera_promise@4.0.0\promise\modules\testez\modules\lemur\lib\instances\UIGridStyleLayout_spec.lua", "Lua", 0, 0, 0, 24, 0, 0, 0, 0, 0, 5, 29
"c:\Users\colin\OneDrive\Documents\Projects\JJKBattlegrounds\Packages\_Index\evaera_promise@4.0.0\promise\modules\testez\modules\lemur\lib\instances\UIListLayout.lua", "Lua", 0, 0, 0, 12, 0, 0, 0, 0, 0, 3, 15
"c:\Users\colin\OneDrive\Documents\Projects\JJKBattlegrounds\Packages\_Index\evaera_promise@4.0.0\promise\modules\testez\modules\lemur\lib\instances\UIListLayout_spec.lua", "Lua", 0, 0, 0, 16, 0, 0, 0, 0, 0, 6, 22
"c:\Users\colin\OneDrive\Documents\Projects\JJKBattlegrounds\Packages\_Index\evaera_promise@4.0.0\promise\modules\testez\modules\lemur\lib\instances\UIPadding.lua", "Lua", 0, 0, 0, 27, 0, 0, 0, 0, 0, 6, 33
"c:\Users\colin\OneDrive\Documents\Projects\JJKBattlegrounds\Packages\_Index\evaera_promise@4.0.0\promise\modules\testez\modules\lemur\lib\instances\UIPadding_spec.lua", "Lua", 0, 0, 0, 15, 0, 0, 0, 0, 0, 3, 18
"c:\Users\colin\OneDrive\Documents\Projects\JJKBattlegrounds\Packages\_Index\evaera_promise@4.0.0\promise\modules\testez\modules\lemur\lib\instances\UITextSizeConstraint.lua", "Lua", 0, 0, 0, 11, 0, 0, 0, 0, 0, 3, 14
"c:\Users\colin\OneDrive\Documents\Projects\JJKBattlegrounds\Packages\_Index\evaera_promise@4.0.0\promise\modules\testez\modules\lemur\lib\instances\UITextSizeContstraint_spec.lua", "Lua", 0, 0, 0, 12, 0, 0, 0, 0, 0, 3, 15
"c:\Users\colin\OneDrive\Documents\Projects\JJKBattlegrounds\Packages\_Index\evaera_promise@4.0.0\promise\modules\testez\modules\lemur\lib\instances\UserInputService.lua", "Lua", 0, 0, 0, 25, 0, 0, 0, 0, 0, 6, 31
"c:\Users\colin\OneDrive\Documents\Projects\JJKBattlegrounds\Packages\_Index\evaera_promise@4.0.0\promise\modules\testez\modules\lemur\lib\instances\UserInputService_spec.lua", "Lua", 0, 0, 0, 7, 0, 0, 0, 0, 0, 2, 9
"c:\Users\colin\OneDrive\Documents\Projects\JJKBattlegrounds\Packages\_Index\evaera_promise@4.0.0\promise\modules\testez\modules\lemur\lib\instances\VirtualInputManager.lua", "Lua", 0, 0, 0, 2, 0, 0, 0, 0, 0, 1, 3
"c:\Users\colin\OneDrive\Documents\Projects\JJKBattlegrounds\Packages\_Index\evaera_promise@4.0.0\promise\modules\testez\modules\lemur\lib\instances\VirtualInputManager_spec.lua", "Lua", 0, 0, 0, 7, 0, 0, 0, 0, 0, 2, 9
"c:\Users\colin\OneDrive\Documents\Projects\JJKBattlegrounds\Packages\_Index\evaera_promise@4.0.0\promise\modules\testez\modules\lemur\lib\instances\Workspace.lua", "Lua", 0, 0, 0, 27, 0, 0, 0, 0, 0, 7, 34
"c:\Users\colin\OneDrive\Documents\Projects\JJKBattlegrounds\Packages\_Index\evaera_promise@4.0.0\promise\modules\testez\modules\lemur\lib\instances\Workspace_spec.lua", "Lua", 0, 0, 0, 23, 0, 0, 0, 0, 0, 6, 29
"c:\Users\colin\OneDrive\Documents\Projects\JJKBattlegrounds\Packages\_Index\evaera_promise@4.0.0\promise\modules\testez\modules\lemur\lib\instances\init.lua", "Lua", 0, 0, 0, 59, 0, 0, 0, 0, 0, 3, 62
"c:\Users\colin\OneDrive\Documents\Projects\JJKBattlegrounds\Packages\_Index\evaera_promise@4.0.0\promise\modules\testez\modules\lemur\lib\json.lua", "Lua", 0, 0, 0, 13, 0, 0, 0, 0, 0, 5, 18
"c:\Users\colin\OneDrive\Documents\Projects\JJKBattlegrounds\Packages\_Index\evaera_promise@4.0.0\promise\modules\testez\modules\lemur\lib\libs\bit32.lua", "Lua", 0, 0, 0, 16, 0, 0, 0, 0, 0, 1, 17
"c:\Users\colin\OneDrive\Documents\Projects\JJKBattlegrounds\Packages\_Index\evaera_promise@4.0.0\promise\modules\testez\modules\lemur\lib\libs\bit32_spec.lua", "Lua", 0, 0, 0, 19, 0, 0, 0, 0, 6, 4, 29
"c:\Users\colin\OneDrive\Documents\Projects\JJKBattlegrounds\Packages\_Index\evaera_promise@4.0.0\promise\modules\testez\modules\lemur\lib\libs\init.lua", "Lua", 0, 0, 0, 10, 0, 0, 0, 0, 0, 4, 14
"c:\Users\colin\OneDrive\Documents\Projects\JJKBattlegrounds\Packages\_Index\evaera_promise@4.0.0\promise\modules\testez\modules\lemur\lib\libs\math.lua", "Lua", 0, 0, 0, 8, 0, 0, 0, 0, 0, 3, 11
"c:\Users\colin\OneDrive\Documents\Projects\JJKBattlegrounds\Packages\_Index\evaera_promise@4.0.0\promise\modules\testez\modules\lemur\lib\libs\math_spec.lua", "Lua", 0, 0, 0, 17, 0, 0, 0, 0, 0, 4, 21
"c:\Users\colin\OneDrive\Documents\Projects\JJKBattlegrounds\Packages\_Index\evaera_promise@4.0.0\promise\modules\testez\modules\lemur\lib\libs\string.lua", "Lua", 0, 0, 0, 28, 0, 0, 0, 0, 0, 9, 37
"c:\Users\colin\OneDrive\Documents\Projects\JJKBattlegrounds\Packages\_Index\evaera_promise@4.0.0\promise\modules\testez\modules\lemur\lib\libs\string_spec.lua", "Lua", 0, 0, 0, 88, 0, 0, 0, 0, 1, 10, 99
"c:\Users\colin\OneDrive\Documents\Projects\JJKBattlegrounds\Packages\_Index\evaera_promise@4.0.0\promise\modules\testez\modules\lemur\lib\taskFunctions\delay.lua", "Lua", 0, 0, 0, 8, 0, 0, 0, 0, 0, 1, 9
"c:\Users\colin\OneDrive\Documents\Projects\JJKBattlegrounds\Packages\_Index\evaera_promise@4.0.0\promise\modules\testez\modules\lemur\lib\taskFunctions\delay_spec.lua", "Lua", 0, 0, 0, 27, 0, 0, 0, 0, 0, 5, 32
"c:\Users\colin\OneDrive\Documents\Projects\JJKBattlegrounds\Packages\_Index\evaera_promise@4.0.0\promise\modules\testez\modules\lemur\lib\taskFunctions\init.lua", "Lua", 0, 0, 0, 10, 0, 0, 0, 0, 0, 3, 13
"c:\Users\colin\OneDrive\Documents\Projects\JJKBattlegrounds\Packages\_Index\evaera_promise@4.0.0\promise\modules\testez\modules\lemur\lib\taskFunctions\spawn.lua", "Lua", 0, 0, 0, 5, 0, 0, 0, 0, 0, 0, 5
"c:\Users\colin\OneDrive\Documents\Projects\JJKBattlegrounds\Packages\_Index\evaera_promise@4.0.0\promise\modules\testez\modules\lemur\lib\taskFunctions\spawn_spec.lua", "Lua", 0, 0, 0, 12, 0, 0, 0, 0, 0, 2, 14
"c:\Users\colin\OneDrive\Documents\Projects\JJKBattlegrounds\Packages\_Index\evaera_promise@4.0.0\promise\modules\testez\modules\lemur\lib\taskFunctions\wait.lua", "Lua", 0, 0, 0, 9, 0, 0, 0, 0, 0, 1, 10
"c:\Users\colin\OneDrive\Documents\Projects\JJKBattlegrounds\Packages\_Index\evaera_promise@4.0.0\promise\modules\testez\modules\lemur\lib\taskFunctions\wait_spec.lua", "Lua", 0, 0, 0, 70, 0, 0, 0, 0, 0, 25, 95
"c:\Users\colin\OneDrive\Documents\Projects\JJKBattlegrounds\Packages\_Index\evaera_promise@4.0.0\promise\modules\testez\modules\lemur\lib\typeKey.lua", "Lua", 0, 0, 0, 10, 0, 0, 0, 0, 1, 4, 15
"c:\Users\colin\OneDrive\Documents\Projects\JJKBattlegrounds\Packages\_Index\evaera_promise@4.0.0\promise\modules\testez\modules\lemur\lib\types\Color3.lua", "Lua", 0, 0, 0, 96, 0, 0, 0, 0, 5, 30, 131
"c:\Users\colin\OneDrive\Documents\Projects\JJKBattlegrounds\Packages\_Index\evaera_promise@4.0.0\promise\modules\testez\modules\lemur\lib\types\Color3_spec.lua", "Lua", 0, 0, 0, 59, 0, 0, 0, 0, 4, 20, 83
"c:\Users\colin\OneDrive\Documents\Projects\JJKBattlegrounds\Packages\_Index\evaera_promise@4.0.0\promise\modules\testez\modules\lemur\lib\types\Rect.lua", "Lua", 0, 0, 0, 54, 0, 0, 0, 0, 0, 18, 72
"c:\Users\colin\OneDrive\Documents\Projects\JJKBattlegrounds\Packages\_Index\evaera_promise@4.0.0\promise\modules\testez\modules\lemur\lib\types\Rect_spec.lua", "Lua", 0, 0, 0, 66, 0, 0, 0, 0, 0, 19, 85
"c:\Users\colin\OneDrive\Documents\Projects\JJKBattlegrounds\Packages\_Index\evaera_promise@4.0.0\promise\modules\testez\modules\lemur\lib\types\UDim.lua", "Lua", 0, 0, 0, 45, 0, 0, 0, 0, 0, 18, 63
"c:\Users\colin\OneDrive\Documents\Projects\JJKBattlegrounds\Packages\_Index\evaera_promise@4.0.0\promise\modules\testez\modules\lemur\lib\types\UDim2.lua", "Lua", 0, 0, 0, 74, 0, 0, 0, 0, 0, 22, 96
"c:\Users\colin\OneDrive\Documents\Projects\JJKBattlegrounds\Packages\_Index\evaera_promise@4.0.0\promise\modules\testez\modules\lemur\lib\types\UDim2_spec.lua", "Lua", 0, 0, 0, 86, 0, 0, 0, 0, 4, 28, 118
"c:\Users\colin\OneDrive\Documents\Projects\JJKBattlegrounds\Packages\_Index\evaera_promise@4.0.0\promise\modules\testez\modules\lemur\lib\types\UDim_spec.lua", "Lua", 0, 0, 0, 45, 0, 0, 0, 0, 0, 15, 60
"c:\Users\colin\OneDrive\Documents\Projects\JJKBattlegrounds\Packages\_Index\evaera_promise@4.0.0\promise\modules\testez\modules\lemur\lib\types\Vector2.lua", "Lua", 0, 0, 0, 71, 0, 0, 0, 0, 0, 21, 92
"c:\Users\colin\OneDrive\Documents\Projects\JJKBattlegrounds\Packages\_Index\evaera_promise@4.0.0\promise\modules\testez\modules\lemur\lib\types\Vector2_spec.lua", "Lua", 0, 0, 0, 100, 0, 0, 0, 0, 0, 32, 132
"c:\Users\colin\OneDrive\Documents\Projects\JJKBattlegrounds\Packages\_Index\evaera_promise@4.0.0\promise\modules\testez\modules\lemur\lib\types\Vector3.lua", "Lua", 0, 0, 0, 72, 0, 0, 0, 0, 0, 21, 93
"c:\Users\colin\OneDrive\Documents\Projects\JJKBattlegrounds\Packages\_Index\evaera_promise@4.0.0\promise\modules\testez\modules\lemur\lib\types\Vector3_spec.lua", "Lua", 0, 0, 0, 112, 0, 0, 0, 0, 0, 33, 145
"c:\Users\colin\OneDrive\Documents\Projects\JJKBattlegrounds\Packages\_Index\evaera_promise@4.0.0\promise\modules\testez\modules\lemur\lib\types\init.lua", "Lua", 0, 0, 0, 13, 0, 0, 0, 0, 0, 3, 16
"c:\Users\colin\OneDrive\Documents\Projects\JJKBattlegrounds\Packages\_Index\evaera_promise@4.0.0\promise\modules\testez\modules\lemur\lib\validateType.lua", "Lua", 0, 0, 0, 7, 0, 0, 0, 0, 0, 2, 9
"c:\Users\colin\OneDrive\Documents\Projects\JJKBattlegrounds\Packages\_Index\evaera_promise@4.0.0\promise\modules\testez\modules\lemur\lib\validateType_spec.lua", "Lua", 0, 0, 0, 17, 0, 0, 0, 0, 0, 3, 20
"c:\Users\colin\OneDrive\Documents\Projects\JJKBattlegrounds\Packages\_Index\evaera_promise@4.0.0\promise\modules\testez\modules\lemur\spec\load_spec.lua", "Lua", 0, 0, 0, 40, 0, 0, 0, 0, 0, 16, 56
"c:\Users\colin\OneDrive\Documents\Projects\JJKBattlegrounds\Packages\_Index\evaera_promise@4.0.0\promise\modules\testez\modules\lemur\spec\require\a.lua", "Lua", 0, 0, 0, 1, 0, 0, 0, 0, 0, 0, 1
"c:\Users\colin\OneDrive\Documents\Projects\JJKBattlegrounds\Packages\_Index\evaera_promise@4.0.0\promise\modules\testez\modules\lemur\spec\require\b.lua", "Lua", 0, 0, 0, 1, 0, 0, 0, 0, 0, 0, 1
"c:\Users\colin\OneDrive\Documents\Projects\JJKBattlegrounds\Packages\_Index\evaera_promise@4.0.0\promise\modules\testez\modules\lemur\spec\require\bar\baz.lua", "Lua", 0, 0, 0, 1, 0, 0, 0, 0, 0, 0, 1
"c:\Users\colin\OneDrive\Documents\Projects\JJKBattlegrounds\Packages\_Index\evaera_promise@4.0.0\promise\modules\testez\modules\lemur\spec\require\cacheme.lua", "Lua", 0, 0, 0, 1, 0, 0, 0, 0, 0, 0, 1
"c:\Users\colin\OneDrive\Documents\Projects\JJKBattlegrounds\Packages\_Index\evaera_promise@4.0.0\promise\modules\testez\modules\lemur\spec\require\foo.lua", "Lua", 0, 0, 0, 1, 0, 0, 0, 0, 0, 0, 1
"c:\Users\colin\OneDrive\Documents\Projects\JJKBattlegrounds\Packages\_Index\evaera_promise@4.0.0\promise\modules\testez\modules\lemur\spec\require_spec.lua", "Lua", 0, 0, 0, 44, 0, 0, 0, 0, 0, 23, 67
"c:\Users\colin\OneDrive\Documents\Projects\JJKBattlegrounds\Packages\_Index\evaera_promise@4.0.0\promise\modules\testez\modules\lemur\spec\test-project\bar.lua", "Lua", 0, 0, 0, 0, 0, 0, 0, 0, 1, 0, 1
"c:\Users\colin\OneDrive\Documents\Projects\JJKBattlegrounds\Packages\_Index\evaera_promise@4.0.0\promise\modules\testez\modules\lemur\spec\test-project\normal-folder\ack.lua", "Lua", 0, 0, 0, 0, 0, 0, 0, 0, 1, 0, 1
"c:\Users\colin\OneDrive\Documents\Projects\JJKBattlegrounds\Packages\_Index\evaera_promise@4.0.0\promise\modules\testez\modules\lemur\spec\test-project\usurp\foo.lua", "Lua", 0, 0, 0, 0, 0, 0, 0, 0, 1, 0, 1
"c:\Users\colin\OneDrive\Documents\Projects\JJKBattlegrounds\Packages\_Index\evaera_promise@4.0.0\promise\modules\testez\modules\lemur\spec\test-project\usurp\init.lua", "Lua", 0, 0, 0, 0, 0, 0, 0, 0, 1, 0, 1
"c:\Users\colin\OneDrive\Documents\Projects\JJKBattlegrounds\Packages\_Index\evaera_promise@4.0.0\promise\modules\testez\rotriever.toml", "TOML", 6, 0, 0, 0, 0, 0, 0, 0, 0, 1, 7
"c:\Users\colin\OneDrive\Documents\Projects\JJKBattlegrounds\Packages\_Index\evaera_promise@4.0.0\promise\modules\testez\src\Context.lua", "Lua", 0, 0, 0, 20, 0, 0, 0, 0, 1, 6, 27
"c:\Users\colin\OneDrive\Documents\Projects\JJKBattlegrounds\Packages\_Index\evaera_promise@4.0.0\promise\modules\testez\src\Expectation.lua", "Lua", 0, 0, 0, 189, 0, 0, 0, 0, 15, 48, 252
"c:\Users\colin\OneDrive\Documents\Projects\JJKBattlegrounds\Packages\_Index\evaera_promise@4.0.0\promise\modules\testez\src\LifecycleHooks.lua", "Lua", 0, 0, 0, 67, 0, 0, 0, 0, 5, 18, 90
"c:\Users\colin\OneDrive\Documents\Projects\JJKBattlegrounds\Packages\_Index\evaera_promise@4.0.0\promise\modules\testez\src\Reporters\TeamCityReporter.lua", "Lua", 0, 0, 0, 80, 0, 0, 0, 0, 1, 21, 102
"c:\Users\colin\OneDrive\Documents\Projects\JJKBattlegrounds\Packages\_Index\evaera_promise@4.0.0\promise\modules\testez\src\Reporters\TextReporter.lua", "Lua", 0, 0, 0, 79, 0, 0, 0, 0, 2, 25, 106
"c:\Users\colin\OneDrive\Documents\Projects\JJKBattlegrounds\Packages\_Index\evaera_promise@4.0.0\promise\modules\testez\src\Reporters\TextReporterQuiet.lua", "Lua", 0, 0, 0, 70, 0, 0, 0, 0, 2, 25, 97
"c:\Users\colin\OneDrive\Documents\Projects\JJKBattlegrounds\Packages\_Index\evaera_promise@4.0.0\promise\modules\testez\src\TestBootstrap.lua", "Lua", 0, 0, 0, 110, 0, 0, 0, 0, 4, 33, 147
"c:\Users\colin\OneDrive\Documents\Projects\JJKBattlegrounds\Packages\_Index\evaera_promise@4.0.0\promise\modules\testez\src\TestEnum.lua", "Lua", 0, 0, 0, 22, 0, 0, 0, 0, 1, 5, 28
"c:\Users\colin\OneDrive\Documents\Projects\JJKBattlegrounds\Packages\_Index\evaera_promise@4.0.0\promise\modules\testez\src\TestPlan.lua", "Lua", 0, 0, 0, 229, 0, 0, 0, 0, 12, 51, 292
"c:\Users\colin\OneDrive\Documents\Projects\JJKBattlegrounds\Packages\_Index\evaera_promise@4.0.0\promise\modules\testez\src\TestPlanner.lua", "Lua", 0, 0, 0, 29, 0, 0, 0, 0, 2, 9, 40
"c:\Users\colin\OneDrive\Documents\Projects\JJKBattlegrounds\Packages\_Index\evaera_promise@4.0.0\promise\modules\testez\src\TestResults.lua", "Lua", 0, 0, 0, 83, 0, 0, 0, 0, 5, 24, 112
"c:\Users\colin\OneDrive\Documents\Projects\JJKBattlegrounds\Packages\_Index\evaera_promise@4.0.0\promise\modules\testez\src\TestRunner.lua", "Lua", 0, 0, 0, 130, 0, 0, 0, 0, 11, 36, 177
"c:\Users\colin\OneDrive\Documents\Projects\JJKBattlegrounds\Packages\_Index\evaera_promise@4.0.0\promise\modules\testez\src\TestSession.lua", "Lua", 0, 0, 0, 171, 0, 0, 0, 0, 19, 41, 231
"c:\Users\colin\OneDrive\Documents\Projects\JJKBattlegrounds\Packages\_Index\evaera_promise@4.0.0\promise\modules\testez\src\init.lua", "Lua", 0, 0, 0, 34, 0, 0, 0, 0, 0, 6, 40
"c:\Users\colin\OneDrive\Documents\Projects\JJKBattlegrounds\Packages\_Index\evaera_promise@4.0.0\promise\modules\testez\test-place.project.json", "JSON", 0, 0, 33, 0, 0, 0, 0, 0, 0, 7, 40
"c:\Users\colin\OneDrive\Documents\Projects\JJKBattlegrounds\Packages\_Index\evaera_promise@4.0.0\promise\modules\testez\test\lemur.lua", "Lua", 0, 0, 0, 17, 0, 0, 0, 0, 8, 7, 32
"c:\Users\colin\OneDrive\Documents\Projects\JJKBattlegrounds\Packages\_Index\evaera_promise@4.0.0\promise\modules\testez\test\roblox-cli.sh", "Shell Script", 0, 0, 0, 0, 0, 0, 0, 9, 4, 5, 18
"c:\Users\colin\OneDrive\Documents\Projects\JJKBattlegrounds\Packages\_Index\evaera_promise@4.0.0\promise\modules\testez\test\runner.server.lua", "Lua", 0, 0, 0, 69, 0, 0, 0, 0, 5, 22, 96
"c:\Users\colin\OneDrive\Documents\Projects\JJKBattlegrounds\Packages\_Index\evaera_promise@4.0.0\promise\modules\testez\testez-cli\Cargo.toml", "TOML", 27, 0, 0, 0, 0, 0, 0, 0, 1, 6, 34
"c:\Users\colin\OneDrive\Documents\Projects\JJKBattlegrounds\Packages\_Index\evaera_promise@4.0.0\promise\modules\testez\testez-cli\README.md", "Markdown", 0, 0, 0, 0, 36, 0, 0, 0, 0, 14, 50
"c:\Users\colin\OneDrive\Documents\Projects\JJKBattlegrounds\Packages\_Index\evaera_promise@4.0.0\promise\modules\testez\testez-cli\build.rs", "Rust", 0, 0, 0, 0, 0, 0, 27, 0, 0, 13, 40
"c:\Users\colin\OneDrive\Documents\Projects\JJKBattlegrounds\Packages\_Index\evaera_promise@4.0.0\promise\modules\testez\testez-cli\src\bundled_libraries.rs", "Rust", 0, 0, 0, 0, 0, 0, 21, 0, 0, 9, 30
"c:\Users\colin\OneDrive\Documents\Projects\JJKBattlegrounds\Packages\_Index\evaera_promise@4.0.0\promise\modules\testez\testez-cli\src\cli.rs", "Rust", 0, 0, 0, 0, 0, 0, 51, 0, 9, 16, 76
"c:\Users\colin\OneDrive\Documents\Projects\JJKBattlegrounds\Packages\_Index\evaera_promise@4.0.0\promise\modules\testez\testez-cli\src\dependencies.rs", "Rust", 0, 0, 0, 0, 0, 0, 21, 0, 10, 7, 38
"c:\Users\colin\OneDrive\Documents\Projects\JJKBattlegrounds\Packages\_Index\evaera_promise@4.0.0\promise\modules\testez\testez-cli\src\fs.rs", "Rust", 0, 0, 0, 0, 0, 0, 102, 0, 10, 22, 134
"c:\Users\colin\OneDrive\Documents\Projects\JJKBattlegrounds\Packages\_Index\evaera_promise@4.0.0\promise\modules\testez\testez-cli\src\lemur-entry.lua", "Lua", 0, 0, 0, 33, 0, 0, 0, 0, 4, 12, 49
"c:\Users\colin\OneDrive\Documents\Projects\JJKBattlegrounds\Packages\_Index\evaera_promise@4.0.0\promise\modules\testez\testez-cli\src\main.rs", "Rust", 0, 0, 0, 0, 0, 0, 61, 0, 0, 15, 76
"c:\Users\colin\OneDrive\Documents\Projects\JJKBattlegrounds\Packages\_Index\evaera_promise@4.0.0\promise\modules\testez\testez-cli\src\source.rs", "Rust", 0, 0, 0, 0, 0, 0, 17, 0, 8, 7, 32
"c:\Users\colin\OneDrive\Documents\Projects\JJKBattlegrounds\Packages\_Index\evaera_promise@4.0.0\promise\modules\testez\testez-cli\src\targets\lemur.rs", "Rust", 0, 0, 0, 0, 0, 0, 99, 0, 0, 25, 124
"c:\Users\colin\OneDrive\Documents\Projects\JJKBattlegrounds\Packages\_Index\evaera_promise@4.0.0\promise\modules\testez\testez-cli\src\targets\mod.rs", "Rust", 0, 0, 0, 0, 0, 0, 4, 0, 0, 2, 6
"c:\Users\colin\OneDrive\Documents\Projects\JJKBattlegrounds\Packages\_Index\evaera_promise@4.0.0\promise\modules\testez\testez-cli\src\targets\roblox_cli.rs", "Rust", 0, 0, 0, 0, 0, 0, 101, 0, 2, 26, 129
"c:\Users\colin\OneDrive\Documents\Projects\JJKBattlegrounds\Packages\_Index\evaera_promise@4.0.0\promise\modules\testez\testez-cli\src\test-runner.lua", "Lua", 0, 0, 0, 60, 0, 0, 0, 0, 3, 18, 81
"c:\Users\colin\OneDrive\Documents\Projects\JJKBattlegrounds\Packages\_Index\evaera_promise@4.0.0\promise\modules\testez\testez-cli\src\test_place.rs", "Rust", 0, 0, 0, 0, 0, 0, 99, 0, 4, 20, 123
"c:\Users\colin\OneDrive\Documents\Projects\JJKBattlegrounds\Packages\_Index\evaera_promise@4.0.0\promise\modules\testez\testez-cli\src\tools\lua.rs", "Rust", 0, 0, 0, 0, 0, 0, 20, 0, 0, 7, 27
"c:\Users\colin\OneDrive\Documents\Projects\JJKBattlegrounds\Packages\_Index\evaera_promise@4.0.0\promise\modules\testez\testez-cli\src\tools\mod.rs", "Rust", 0, 0, 0, 0, 0, 0, 6, 0, 0, 2, 8
"c:\Users\colin\OneDrive\Documents\Projects\JJKBattlegrounds\Packages\_Index\evaera_promise@4.0.0\promise\modules\testez\testez-cli\src\tools\roblox_cli.rs", "Rust", 0, 0, 0, 0, 0, 0, 26, 0, 1, 10, 37
"c:\Users\colin\OneDrive\Documents\Projects\JJKBattlegrounds\Packages\_Index\evaera_promise@4.0.0\promise\modules\testez\testez-cli\src\tools\rojo.rs", "Rust", 0, 0, 0, 0, 0, 0, 11, 0, 1, 6, 18
"c:\Users\colin\OneDrive\Documents\Projects\JJKBattlegrounds\Packages\_Index\evaera_promise@4.0.0\promise\modules\testez\testez-cli\src\vfs.rs", "Rust", 0, 0, 0, 0, 0, 0, 68, 0, 4, 18, 90
"c:\Users\colin\OneDrive\Documents\Projects\JJKBattlegrounds\Packages\_Index\evaera_promise@4.0.0\promise\modules\testez\tests\Context.lua", "Lua", 0, 0, 0, 55, 0, 0, 0, 0, 0, 2, 57
"c:\Users\colin\OneDrive\Documents\Projects\JJKBattlegrounds\Packages\_Index\evaera_promise@4.0.0\promise\modules\testez\tests\Expectation.lua", "Lua", 0, 0, 0, 147, 0, 0, 0, 0, 0, 35, 182
"c:\Users\colin\OneDrive\Documents\Projects\JJKBattlegrounds\Packages\_Index\evaera_promise@4.0.0\promise\modules\testez\tests\api.lua", "Lua", 0, 0, 0, 7, 0, 0, 0, 0, 0, 1, 8
"c:\Users\colin\OneDrive\Documents\Projects\JJKBattlegrounds\Packages\_Index\evaera_promise@4.0.0\promise\modules\testez\tests\failing\duplicateDescribe.spec.lua", "Lua", 0, 0, 0, 11, 0, 0, 0, 0, 1, 2, 14
"c:\Users\colin\OneDrive\Documents\Projects\JJKBattlegrounds\Packages\_Index\evaera_promise@4.0.0\promise\modules\testez\tests\failing\duplicateIt.spec.lua", "Lua", 0, 0, 0, 8, 0, 0, 0, 0, 1, 1, 10
"c:\Users\colin\OneDrive\Documents\Projects\JJKBattlegrounds\Packages\_Index\evaera_promise@4.0.0\promise\modules\testez\tests\failing\error.spec.lua", "Lua", 0, 0, 0, 7, 0, 0, 0, 0, 1, 1, 9
"c:\Users\colin\OneDrive\Documents\Projects\JJKBattlegrounds\Packages\_Index\evaera_promise@4.0.0\promise\modules\testez\tests\failing\fail.spec.lua", "Lua", 0, 0, 0, 7, 0, 0, 0, 0, 1, 1, 9
"c:\Users\colin\OneDrive\Documents\Projects\JJKBattlegrounds\Packages\_Index\evaera_promise@4.0.0\promise\modules\testez\tests\failing\planning.spec.lua", "Lua", 0, 0, 0, 5, 0, 0, 0, 0, 1, 1, 7
"c:\Users\colin\OneDrive\Documents\Projects\JJKBattlegrounds\Packages\_Index\evaera_promise@4.0.0\promise\modules\testez\tests\lifecycleHooks.lua", "Lua", 0, 0, 0, 212, 0, 0, 0, 0, 5, 42, 259
"c:\Users\colin\OneDrive\Documents\Projects\JJKBattlegrounds\Packages\_Index\evaera_promise@4.0.0\promise\modules\testez\tests\passing\context.spec.lua", "Lua", 0, 0, 0, 20, 0, 0, 0, 0, 2, 5, 27
"c:\Users\colin\OneDrive\Documents\Projects\JJKBattlegrounds\Packages\_Index\evaera_promise@4.0.0\promise\modules\testez\tests\passing\describeAndContext.spec.lua", "Lua", 0, 0, 0, 5, 0, 0, 0, 0, 1, 2, 8
"c:\Users\colin\OneDrive\Documents\Projects\JJKBattlegrounds\Packages\_Index\evaera_promise@4.0.0\promise\modules\testez\tests\passing\empty.spec.lua", "Lua", 0, 0, 0, 6, 0, 0, 0, 0, 2, 1, 9
"c:\Users\colin\OneDrive\Documents\Projects\JJKBattlegrounds\Packages\_Index\evaera_promise@4.0.0\promise\modules\testez\tests\passing\expect.spec.lua", "Lua", 0, 0, 0, 10, 0, 0, 0, 0, 1, 1, 12
"c:\Users\colin\OneDrive\Documents\Projects\JJKBattlegrounds\Packages\_Index\evaera_promise@4.0.0\promise\modules\testez\tests\passing\focus.spec.lua", "Lua", 0, 0, 0, 7, 0, 0, 0, 0, 1, 1, 9
"c:\Users\colin\OneDrive\Documents\Projects\JJKBattlegrounds\Packages\_Index\evaera_promise@4.0.0\promise\modules\testez\tests\passing\focusAndSkip.spec.lua", "Lua", 0, 0, 0, 10, 0, 0, 0, 0, 1, 3, 14
"c:\Users\colin\OneDrive\Documents\Projects\JJKBattlegrounds\Packages\_Index\evaera_promise@4.0.0\promise\modules\testez\tests\passing\nestedContext.spec.lua", "Lua", 0, 0, 0, 20, 0, 0, 0, 0, 1, 4, 25
"c:\Users\colin\OneDrive\Documents\Projects\JJKBattlegrounds\Packages\_Index\evaera_promise@4.0.0\promise\modules\testez\tests\passing\skip.spec.lua", "Lua", 0, 0, 0, 11, 0, 0, 0, 0, 1, 2, 14
"c:\Users\colin\OneDrive\Documents\Projects\JJKBattlegrounds\Packages\_Index\evaera_promise@4.0.0\promise\modules\testez\tests\planner.lua", "Lua", 0, 0, 0, 88, 0, 0, 0, 0, 0, 8, 96
"c:\Users\colin\OneDrive\Documents\Projects\JJKBattlegrounds\Packages\_Index\evaera_promise@4.0.0\promise\modules\testez\tests\planning\a.spec.lua", "Lua", 0, 0, 0, 6, 0, 0, 0, 0, 1, 3, 10
"c:\Users\colin\OneDrive\Documents\Projects\JJKBattlegrounds\Packages\_Index\evaera_promise@4.0.0\promise\modules\testez\tests\planning\b.spec.lua", "Lua", 0, 0, 0, 9, 0, 0, 0, 0, 1, 3, 13
"c:\Users\colin\OneDrive\Documents\Projects\JJKBattlegrounds\Packages\_Index\evaera_promise@4.0.0\promise\modules\testez\tests\planning\d.spec.lua", "Lua", 0, 0, 0, 14, 0, 0, 0, 0, 3, 5, 22
"c:\Users\colin\OneDrive\Documents\Projects\JJKBattlegrounds\Packages\_Index\evaera_promise@4.0.0\promise\modules\testez\tests\specTests.lua", "Lua", 0, 0, 0, 26, 0, 0, 0, 0, 0, 4, 30
"c:\Users\colin\OneDrive\Documents\Projects\JJKBattlegrounds\Packages\_Index\evaera_promise@4.0.0\promise\moonwave.toml", "TOML", 22, 0, 0, 0, 0, 0, 0, 0, 0, 6, 28
"c:\Users\colin\OneDrive\Documents\Projects\JJKBattlegrounds\Packages\_Index\evaera_promise@4.0.0\promise\rotriever.toml", "TOML", 7, 0, 0, 0, 0, 0, 0, 0, 0, 2, 9
"c:\Users\colin\OneDrive\Documents\Projects\JJKBattlegrounds\Packages\_Index\evaera_promise@4.0.0\promise\runTests.server.lua", "Lua", 0, 0, 0, 3, 0, 0, 0, 0, 0, 0, 3
"c:\Users\colin\OneDrive\Documents\Projects\JJKBattlegrounds\Packages\_Index\evaera_promise@4.0.0\promise\selene.toml", "TOML", 1, 0, 0, 0, 0, 0, 0, 0, 0, 0, 1
"c:\Users\colin\OneDrive\Documents\Projects\JJKBattlegrounds\Packages\_Index\evaera_promise@4.0.0\promise\test.project.json", "JSON", 0, 0, 24, 0, 0, 0, 0, 0, 0, 0, 24
"c:\Users\colin\OneDrive\Documents\Projects\JJKBattlegrounds\Packages\_Index\evaera_promise@4.0.0\promise\testez.toml", "TOML", 45, 0, 0, 0, 0, 0, 0, 0, 1, 21, 67
"c:\Users\colin\OneDrive\Documents\Projects\JJKBattlegrounds\Packages\_Index\evaera_promise@4.0.0\promise\wally.toml", "TOML", 8, 0, 0, 0, 0, 0, 0, 0, 0, 2, 10
"c:\Users\colin\OneDrive\Documents\Projects\JJKBattlegrounds\Packages\_Index\howmanysmall_janitor@1.15.7\Promise.lua", "Lua", 0, 0, 0, 1, 0, 0, 0, 0, 0, 1, 2
"c:\Users\colin\OneDrive\Documents\Projects\JJKBattlegrounds\Packages\_Index\howmanysmall_janitor@1.15.7\janitor\aftman.toml", "TOML", 4, 0, 0, 0, 0, 0, 0, 0, 3, 2, 9
"c:\Users\colin\OneDrive\Documents\Projects\JJKBattlegrounds\Packages\_Index\howmanysmall_janitor@1.15.7\janitor\default.project.json", "JSON", 0, 0, 6, 0, 0, 0, 0, 0, 0, 0, 6
"c:\Users\colin\OneDrive\Documents\Projects\JJKBattlegrounds\Packages\_Index\howmanysmall_janitor@1.15.7\janitor\place.project.json", "JSON", 0, 0, 17, 0, 0, 0, 0, 0, 0, 0, 17
"c:\Users\colin\OneDrive\Documents\Projects\JJKBattlegrounds\Packages\_Index\howmanysmall_janitor@1.15.7\janitor\src\init.lua", "Lua", 0, 0, 0, 575, 0, 0, 0, 0, 34, 160, 769
"c:\Users\colin\OneDrive\Documents\Projects\JJKBattlegrounds\Packages\_Index\howmanysmall_janitor@1.15.7\janitor\testez.yml", "YAML", 0, 0, 0, 0, 0, 53, 0, 0, 0, 1, 54
"c:\Users\colin\OneDrive\Documents\Projects\JJKBattlegrounds\Packages\_Index\howmanysmall_janitor@1.15.7\janitor\testplace.project.json", "JSON", 0, 0, 21, 0, 0, 0, 0, 0, 0, 0, 21
"c:\Users\colin\OneDrive\Documents\Projects\JJKBattlegrounds\Packages\_Index\howmanysmall_janitor@1.15.7\janitor\wally.toml", "TOML", 30, 0, 0, 0, 0, 0, 0, 0, 0, 2, 32
"c:\Users\colin\OneDrive\Documents\Projects\JJKBattlegrounds\Packages\_Index\sleitnick_net@0.2.0\net\init.lua", "Lua", 0, 0, 0, 152, 0, 0, 0, 0, 13, 26, 191
"c:\Users\colin\OneDrive\Documents\Projects\JJKBattlegrounds\Packages\_Index\sleitnick_net@0.2.0\net\wally.toml", "TOML", 8, 0, 0, 0, 0, 0, 0, 0, 0, 1, 9
"c:\Users\colin\OneDrive\Documents\Projects\JJKBattlegrounds\Packages\_Index\sleitnick_signal@2.0.1\signal\init.lua", "Lua", 0, 0, 0, 307, 0, 0, 0, 0, 55, 62, 424
"c:\Users\colin\OneDrive\Documents\Projects\JJKBattlegrounds\Packages\_Index\sleitnick_signal@2.0.1\signal\init.spec.lua", "Lua", 0, 0, 0, 169, 0, 0, 0, 0, 0, 18, 187
"c:\Users\colin\OneDrive\Documents\Projects\JJKBattlegrounds\Packages\_Index\sleitnick_signal@2.0.1\signal\wally.toml", "TOML", 9, 0, 0, 0, 0, 0, 0, 0, 0, 1, 10
"c:\Users\colin\OneDrive\Documents\Projects\JJKBattlegrounds\Packages\_Index\surnautica_profileservice@1.0.0\profileservice\default.project.json", "JSON", 0, 0, 6, 0, 0, 0, 0, 0, 0, 0, 6
"c:\Users\colin\OneDrive\Documents\Projects\JJKBattlegrounds\Packages\_Index\surnautica_profileservice@1.0.0\profileservice\src\init.lua", "Lua", 0, 0, 0, 1889, 0, 0, 0, 0, 179, 347, 2415
"c:\Users\colin\OneDrive\Documents\Projects\JJKBattlegrounds\Packages\_Index\surnautica_profileservice@1.0.0\profileservice\wally.toml", "TOML", 12, 0, 0, 0, 0, 0, 0, 0, 0, 1, 13
"c:\Users\colin\OneDrive\Documents\Projects\JJKBattlegrounds\README.md", "Markdown", 0, 0, 0, 0, 16, 0, 0, 0, 0, 10, 26
"c:\Users\colin\OneDrive\Documents\Projects\JJKBattlegrounds\Tests\Server\Components\ModelComponent.spec.lua", "Lua", 0, 0, 0, 29, 0, 0, 0, 0, 0, 11, 40
"c:\Users\colin\OneDrive\Documents\Projects\JJKBattlegrounds\aftman.toml", "TOML", 5, 0, 0, 0, 0, 0, 0, 0, 3, 1, 9
"c:\Users\colin\OneDrive\Documents\Projects\JJKBattlegrounds\default.project.json", "JSON", 0, 0, 41, 0, 0, 0, 0, 0, 0, 6, 47
"c:\Users\colin\OneDrive\Documents\Projects\JJKBattlegrounds\docs\Basic Usage Patterns.md", "Markdown", 0, 0, 0, 0, 2, 0, 0, 0, 0, 2, 4
"c:\Users\colin\OneDrive\Documents\Projects\JJKBattlegrounds\docs\Introduction.md", "Markdown", 0, 0, 0, 0, 37, 0, 0, 0, 0, 19, 56
"c:\Users\colin\OneDrive\Documents\Projects\JJKBattlegrounds\selene.toml", "TOML", 1, 0, 0, 0, 0, 0, 0, 0, 0, 0, 1
"c:\Users\colin\OneDrive\Documents\Projects\JJKBattlegrounds\sourcemap.json", "JSON", 0, 0, 1, 0, 0, 0, 0, 0, 0, 0, 1
"c:\Users\colin\OneDrive\Documents\Projects\JJKBattlegrounds\src\Client\Components\ActionSet.lua", "Lua", 0, 0, 0, 7, 0, 0, 0, 0, 1, 6, 14
"c:\Users\colin\OneDrive\Documents\Projects\JJKBattlegrounds\src\Client\Components\ActionInput.lua", "Lua", 0, 0, 0, 21, 0, 0, 0, 0, 0, 9, 30
"c:\Users\colin\OneDrive\Documents\Projects\JJKBattlegrounds\src\Client\Components\Character.lua", "Lua", 0, 0, 0, 7, 0, 0, 0, 0, 1, 5, 13
"c:\Users\colin\OneDrive\Documents\Projects\JJKBattlegrounds\src\Client\Components\LocalCharacter.lua", "Lua", 0, 0, 0, 14, 0, 0, 0, 0, 1, 8, 23
"c:\Users\colin\OneDrive\Documents\Projects\JJKBattlegrounds\src\Client\Components\LocalPlayer.lua", "Lua", 0, 0, 0, 6, 0, 0, 0, 0, 1, 5, 12
"c:\Users\colin\OneDrive\Documents\Projects\JJKBattlegrounds\src\Client\Components\Player.lua", "Lua", 0, 0, 0, 13, 0, 0, 0, 0, 0, 7, 20
"c:\Users\colin\OneDrive\Documents\Projects\JJKBattlegrounds\src\Client\Factories\CharacterEntity.lua", "Lua", 0, 0, 0, 16, 0, 0, 0, 0, 0, 5, 21
"c:\Users\colin\OneDrive\Documents\Projects\JJKBattlegrounds\src\Client\Factories\PlayerEntity.lua", "Lua", 0, 0, 0, 11, 0, 0, 0, 0, 0, 5, 16
"c:\Users\colin\OneDrive\Documents\Projects\JJKBattlegrounds\src\Client\Modules\Queries.lua", "Lua", 0, 0, 0, 8, 0, 0, 0, 0, 0, 4, 12
"c:\Users\colin\OneDrive\Documents\Projects\JJKBattlegrounds\src\Client\Systems\BindInputEvents.lua", "Lua", 0, 0, 0, 52, 0, 0, 0, 0, 0, 15, 67
"c:\Users\colin\OneDrive\Documents\Projects\JJKBattlegrounds\src\Client\Systems\PlayerAdded\CharacterLife.lua", "Lua", 0, 0, 0, 22, 0, 0, 0, 0, 0, 9, 31
"c:\Users\colin\OneDrive\Documents\Projects\JJKBattlegrounds\src\Client\Systems\PlayerAdded\SetupPlayer.lua", "Lua", 0, 0, 0, 7, 0, 0, 0, 0, 0, 5, 12
"c:\Users\colin\OneDrive\Documents\Projects\JJKBattlegrounds\src\Client\Systems\PlayerAdded\init.lua", "Lua", 0, 0, 0, 13, 0, 0, 0, 0, 0, 5, 18
"c:\Users\colin\OneDrive\Documents\Projects\JJKBattlegrounds\src\Client\Systems\UpdateActionSet.lua", "Lua", 0, 0, 0, 27, 0, 0, 0, 0, 1, 10, 38
"c:\Users\colin\OneDrive\Documents\Projects\JJKBattlegrounds\src\Client\Systems\UpdateLoop\PreRender\Ability1.lua", "Lua", 0, 0, 0, 31, 0, 0, 0, 0, 3, 11, 45
"c:\Users\colin\OneDrive\Documents\Projects\JJKBattlegrounds\src\Client\Systems\UpdateLoop\PreRender\Ability2.lua", "Lua", 0, 0, 0, 4, 0, 0, 0, 0, 0, 4, 8
"c:\Users\colin\OneDrive\Documents\Projects\JJKBattlegrounds\src\Client\Systems\UpdateLoop\PreRender\Ability3.lua", "Lua", 0, 0, 0, 4, 0, 0, 0, 0, 0, 4, 8
"c:\Users\colin\OneDrive\Documents\Projects\JJKBattlegrounds\src\Client\Systems\UpdateLoop\PreRender\Ability4.lua", "Lua", 0, 0, 0, 4, 0, 0, 0, 0, 0, 4, 8
"c:\Users\colin\OneDrive\Documents\Projects\JJKBattlegrounds\src\Client\Systems\UpdateLoop\PreRender\Dash.lua", "Lua", 0, 0, 0, 4, 0, 0, 0, 0, 0, 4, 8
"c:\Users\colin\OneDrive\Documents\Projects\JJKBattlegrounds\src\Client\Systems\UpdateLoop\PreRender\M1.lua", "Lua", 0, 0, 0, 27, 0, 0, 0, 0, 3, 11, 41
"c:\Users\colin\OneDrive\Documents\Projects\JJKBattlegrounds\src\Client\Systems\UpdateLoop\PreRender\UpdateProjectileTrajectory.lua", "Lua", 0, 0, 0, 1, 0, 0, 0, 0, 0, 1, 2
"c:\Users\colin\OneDrive\Documents\Projects\JJKBattlegrounds\src\Client\Systems\UpdateLoop\init.lua", "Lua", 0, 0, 0, 12, 0, 0, 0, 0, 0, 5, 17
"c:\Users\colin\OneDrive\Documents\Projects\JJKBattlegrounds\src\Client\World.lua", "Lua", 0, 0, 0, 11, 0, 0, 0, 0, 0, 5, 16
"c:\Users\colin\OneDrive\Documents\Projects\JJKBattlegrounds\src\Server\Components\CollisionObject\Collision.lua", "Lua", 0, 0, 0, 7, 0, 0, 0, 0, 1, 5, 13
"c:\Users\colin\OneDrive\Documents\Projects\JJKBattlegrounds\src\Server\Components\UserComponents\Character.lua", "Lua", 0, 0, 0, 9, 0, 0, 0, 0, 1, 6, 16
"c:\Users\colin\OneDrive\Documents\Projects\JJKBattlegrounds\src\Server\Components\UserComponents\Cosmetics.lua", "Lua", 0, 0, 0, 7, 0, 0, 0, 0, 1, 5, 13
"c:\Users\colin\OneDrive\Documents\Projects\JJKBattlegrounds\src\Server\Components\UserComponents\Player.lua", "Lua", 0, 0, 0, 14, 0, 0, 0, 0, 0, 8, 22
"c:\Users\colin\OneDrive\Documents\Projects\JJKBattlegrounds\src\Server\Components\UserComponents\Profile.lua", "Lua", 0, 0, 0, 36, 0, 0, 0, 0, 1, 12, 49
"c:\Users\colin\OneDrive\Documents\Projects\JJKBattlegrounds\src\Server\Factories\CharacterEntity.lua", "Lua", 0, 0, 0, 17, 0, 0, 0, 0, 1, 8, 26
"c:\Users\colin\OneDrive\Documents\Projects\JJKBattlegrounds\src\Server\Factories\CollisionObject.lua", "Lua", 0, 0, 0, 1, 0, 0, 0, 0, 0, 1, 2
"c:\Users\colin\OneDrive\Documents\Projects\JJKBattlegrounds\src\Server\Factories\PlayerEntity.lua", "Lua", 0, 0, 0, 14, 0, 0, 0, 0, 4, 9, 27
"c:\Users\colin\OneDrive\Documents\Projects\JJKBattlegrounds\src\Server\Modules\EntityServices\CharacterSelector.lua", "Lua", 0, 0, 0, 1, 0, 0, 0, 0, 0, 1, 2
"c:\Users\colin\OneDrive\Documents\Projects\JJKBattlegrounds\src\Server\Modules\ListenForAnimations.lua", "Lua", 0, 0, 0, 2, 0, 0, 0, 0, 14, 4, 20
"c:\Users\colin\OneDrive\Documents\Projects\JJKBattlegrounds\src\Server\Modules\Profiles.lua", "Lua", 0, 0, 0, 23, 0, 0, 0, 0, 0, 8, 31
"c:\Users\colin\OneDrive\Documents\Projects\JJKBattlegrounds\src\Server\Modules\Queries.lua", "Lua", 0, 0, 0, 3, 0, 0, 0, 0, 0, 3, 6
"c:\Users\colin\OneDrive\Documents\Projects\JJKBattlegrounds\src\Server\Systems\HandleActionRequests.lua", "Lua", 0, 0, 0, 15, 0, 0, 0, 0, 0, 6, 21
"c:\Users\colin\OneDrive\Documents\Projects\JJKBattlegrounds\src\Server\Systems\HandleCharacterChangeRequests.lua", "Lua", 0, 0, 0, 1, 0, 0, 0, 0, 0, 1, 2
"c:\Users\colin\OneDrive\Documents\Projects\JJKBattlegrounds\src\Server\Systems\PlayerAdded\CharacterLife.lua", "Lua", 0, 0, 0, 22, 0, 0, 0, 0, 0, 8, 30
"c:\Users\colin\OneDrive\Documents\Projects\JJKBattlegrounds\src\Server\Systems\PlayerAdded\SetupPlayer.lua", "Lua", 0, 0, 0, 7, 0, 0, 0, 0, 0, 5, 12
"c:\Users\colin\OneDrive\Documents\Projects\JJKBattlegrounds\src\Server\Systems\PlayerAdded\init.lua", "Lua", 0, 0, 0, 13, 0, 0, 0, 0, 0, 5, 18
"c:\Users\colin\OneDrive\Documents\Projects\JJKBattlegrounds\src\Server\Systems\UpdateLoop\PreSimulation\UpdateHitbox.lua", "Lua", 0, 0, 0, 1, 0, 0, 0, 0, 0, 1, 2
"c:\Users\colin\OneDrive\Documents\Projects\JJKBattlegrounds\src\Server\Systems\UpdateLoop\PreSimulation\UpdateProjectileTrajectory.lua", "Lua", 0, 0, 0, 0, 0, 0, 0, 0, 0, 1, 1
"c:\Users\colin\OneDrive\Documents\Projects\JJKBattlegrounds\src\Server\Systems\UpdateLoop\init.lua", "Lua", 0, 0, 0, 12, 0, 0, 0, 0, 0, 5, 17
"c:\Users\colin\OneDrive\Documents\Projects\JJKBattlegrounds\src\Server\World.lua", "Lua", 0, 0, 0, 22, 0, 0, 0, 0, 0, 9, 31
"c:\Users\colin\OneDrive\Documents\Projects\JJKBattlegrounds\src\Shared\Config\ActionEnum.lua", "Lua", 0, 0, 0, 13, 0, 0, 0, 0, 0, 3, 16
"c:\Users\colin\OneDrive\Documents\Projects\JJKBattlegrounds\src\Shared\Globals.lua", "Lua", 0, 0, 0, 27, 0, 0, 0, 0, 1, 9, 37
"c:\Users\colin\OneDrive\Documents\Projects\JJKBattlegrounds\src\Shared\Modules\ActionUtil.lua", "Lua", 0, 0, 0, 32, 0, 0, 0, 0, 3, 12, 47
"c:\Users\colin\OneDrive\Documents\Projects\JJKBattlegrounds\src\Shared\Modules\Animate.lua", "Lua", 0, 0, 0, 107, 0, 0, 0, 0, 0, 23, 130
"c:\Users\colin\OneDrive\Documents\Projects\JJKBattlegrounds\src\Shared\Modules\Characters\Default\Ascension\Activate.lua", "Lua", 0, 0, 0, 1, 0, 0, 0, 0, 0, 1, 2
"c:\Users\colin\OneDrive\Documents\Projects\JJKBattlegrounds\src\Shared\Modules\Characters\Default\Ascension\Ascension1.lua", "Lua", 0, 0, 0, 5, 0, 0, 0, 0, 0, 1, 6
"c:\Users\colin\OneDrive\Documents\Projects\JJKBattlegrounds\src\Shared\Modules\Characters\Default\Ascension\Ascension2.lua", "Lua", 0, 0, 0, 1, 0, 0, 0, 0, 0, 1, 2
"c:\Users\colin\OneDrive\Documents\Projects\JJKBattlegrounds\src\Shared\Modules\Characters\Default\Ascension\Ascension3.lua", "Lua", 0, 0, 0, 1, 0, 0, 0, 0, 0, 1, 2
"c:\Users\colin\OneDrive\Documents\Projects\JJKBattlegrounds\src\Shared\Modules\Characters\Default\Ascension\Ascension4.lua", "Lua", 0, 0, 0, 1, 0, 0, 0, 0, 0, 1, 2
"c:\Users\colin\OneDrive\Documents\Projects\JJKBattlegrounds\src\Shared\Modules\Characters\Default\Ascension\M1.lua", "Lua", 0, 0, 0, 1, 0, 0, 0, 0, 0, 1, 2
"c:\Users\colin\OneDrive\Documents\Projects\JJKBattlegrounds\src\Shared\Modules\Characters\Default\Ascension\Passives.lua", "Lua", 0, 0, 0, 1, 0, 0, 0, 0, 0, 1, 2
"c:\Users\colin\OneDrive\Documents\Projects\JJKBattlegrounds\src\Shared\Modules\Characters\Default\Normal\Ability1.lua", "Lua", 0, 0, 0, 74, 0, 0, 0, 0, 19, 27, 120
"c:\Users\colin\OneDrive\Documents\Projects\JJKBattlegrounds\src\Shared\Modules\Characters\Default\Normal\Ability2.lua", "Lua", 0, 0, 0, 1, 0, 0, 0, 0, 0, 1, 2
"c:\Users\colin\OneDrive\Documents\Projects\JJKBattlegrounds\src\Shared\Modules\Characters\Default\Normal\Ability3.lua", "Lua", 0, 0, 0, 1, 0, 0, 0, 0, 0, 1, 2
"c:\Users\colin\OneDrive\Documents\Projects\JJKBattlegrounds\src\Shared\Modules\Characters\Default\Normal\Ability4.lua", "Lua", 0, 0, 0, 1, 0, 0, 0, 0, 0, 1, 2
"c:\Users\colin\OneDrive\Documents\Projects\JJKBattlegrounds\src\Shared\Modules\Characters\Default\Normal\M1.lua", "Lua", 0, 0, 0, 53, 0, 0, 0, 0, 0, 18, 71
"c:\Users\colin\OneDrive\Documents\Projects\JJKBattlegrounds\src\Shared\Modules\Characters\Default\Normal\Passives.lua", "Lua", 0, 0, 0, 1, 0, 0, 0, 0, 0, 1, 2
"c:\Users\colin\OneDrive\Documents\Projects\JJKBattlegrounds\src\Shared\Modules\Characters\Default\init.lua", "Lua", 0, 0, 0, 4, 0, 0, 0, 0, 0, 1, 5
"c:\Users\colin\OneDrive\Documents\Projects\JJKBattlegrounds\src\Shared\Modules\Characters\Kashimo\Abilities\Ability1.lua", "Lua", 0, 0, 0, 1, 0, 0, 0, 0, 0, 1, 2
"c:\Users\colin\OneDrive\Documents\Projects\JJKBattlegrounds\src\Shared\Modules\Characters\Kashimo\Abilities\Ability2.lua", "Lua", 0, 0, 0, 1, 0, 0, 0, 0, 0, 1, 2
"c:\Users\colin\OneDrive\Documents\Projects\JJKBattlegrounds\src\Shared\Modules\Characters\Kashimo\Abilities\Ability3.lua", "Lua", 0, 0, 0, 1, 0, 0, 0, 0, 0, 1, 2
"c:\Users\colin\OneDrive\Documents\Projects\JJKBattlegrounds\src\Shared\Modules\Characters\Kashimo\Abilities\Ability4.lua", "Lua", 0, 0, 0, 1, 0, 0, 0, 0, 0, 1, 2
"c:\Users\colin\OneDrive\Documents\Projects\JJKBattlegrounds\src\Shared\Modules\Characters\Kashimo\Abilities\M1.lua", "Lua", 0, 0, 0, 1, 0, 0, 0, 0, 0, 1, 2
"c:\Users\colin\OneDrive\Documents\Projects\JJKBattlegrounds\src\Shared\Modules\Characters\Kashimo\Abilities\Passives.lua", "Lua", 0, 0, 0, 0, 0, 0, 0, 0, 0, 1, 1
"c:\Users\colin\OneDrive\Documents\Projects\JJKBattlegrounds\src\Shared\Modules\Characters\Kashimo\Ascension\Activate.lua", "Lua", 0, 0, 0, 1, 0, 0, 0, 0, 0, 1, 2
"c:\Users\colin\OneDrive\Documents\Projects\JJKBattlegrounds\src\Shared\Modules\Characters\Kashimo\Ascension\Ascension1.lua", "Lua", 0, 0, 0, 4, 0, 0, 0, 0, 0, 1, 5
"c:\Users\colin\OneDrive\Documents\Projects\JJKBattlegrounds\src\Shared\Modules\Characters\Kashimo\Ascension\Ascension2.lua", "Lua", 0, 0, 0, 1, 0, 0, 0, 0, 0, 1, 2
"c:\Users\colin\OneDrive\Documents\Projects\JJKBattlegrounds\src\Shared\Modules\Characters\Kashimo\Ascension\Ascension3.lua", "Lua", 0, 0, 0, 1, 0, 0, 0, 0, 0, 1, 2
"c:\Users\colin\OneDrive\Documents\Projects\JJKBattlegrounds\src\Shared\Modules\Characters\Kashimo\Ascension\Ascension4.lua", "Lua", 0, 0, 0, 1, 0, 0, 0, 0, 0, 1, 2
"c:\Users\colin\OneDrive\Documents\Projects\JJKBattlegrounds\src\Shared\Modules\Characters\Kashimo\Ascension\M1.lua", "Lua", 0, 0, 0, 1, 0, 0, 0, 0, 0, 1, 2
"c:\Users\colin\OneDrive\Documents\Projects\JJKBattlegrounds\src\Shared\Modules\Characters\Kashimo\Ascension\Passives.lua", "Lua", 0, 0, 0, 0, 0, 0, 0, 0, 0, 1, 1
"c:\Users\colin\OneDrive\Documents\Projects\JJKBattlegrounds\src\Shared\Modules\Characters\Kashimo\init.lua", "Lua", 0, 0, 0, 4, 0, 0, 0, 0, 0, 1, 5
"c:\Users\colin\OneDrive\Documents\Projects\JJKBattlegrounds\src\Shared\Modules\InjectLifecycleSignals.lua", "Lua", 0, 0, 0, 22, 0, 0, 0, 0, 3, 8, 33
"c:\Users\colin\OneDrive\Documents\Projects\JJKBattlegrounds\src\Shared\Modules\Util.lua", "Lua", 0, 0, 0, 104, 0, 0, 0, 0, 13, 32, 149
"c:\Users\colin\OneDrive\Documents\Projects\JJKBattlegrounds\src\Start\Client.client.lua", "Lua", 0, 0, 0, 8, 0, 0, 0, 0, 1, 6, 15
"c:\Users\colin\OneDrive\Documents\Projects\JJKBattlegrounds\src\Start\Server.server.lua", "Lua", 0, 0, 0, 6, 0, 0, 0, 0, 1, 5, 12
"c:\Users\colin\OneDrive\Documents\Projects\JJKBattlegrounds\wally.lock", "TOML", 45, 0, 0, 0, 0, 0, 0, 0, 2, 12, 59
"c:\Users\colin\OneDrive\Documents\Projects\JJKBattlegrounds\wally.toml", "TOML", 16, 0, 0, 0, 0, 0, 0, 0, 1, 5, 22
"c:\Users\colin\OneDrive\Documents\Projects\JJKBattlegrounds\wallyinstall.bat", "Batch", 0, 3, 0, 0, 0, 0, 0, 0, 0, 0, 3
"c:\Users\colin\OneDrive\Documents\Projects\JJKBattlegrounds\watchsource.bat", "Batch", 0, 1, 0, 0, 0, 0, 0, 0, 0, 0, 1
"Total", "-", 926, 4, 167, 18907, 1275, 242, 734, 9, 1126, 5563, 28953